source_root,source_relative_path,repository_path,sha256,bytes,encoding,status,role
source_1,1009打包/4_模拟数据1_数据生成.R,90_history/simulation/3ca99a8200_4_模拟数据1_数据生成.R,3ca99a820004be3a1c3997c8b423142b2da17b1f940405ac2bca38ac13a1996c,39742,utf-8,retained,history
source_1,1009打包/4_模拟数据2_生存数据.R,90_history/simulation/ec1faf143f_4_模拟数据2_生存数据.R,ec1faf143fcd1f5d590064aa4ea227a8e251e0c3fa65b027b5d199db0fca6848,96997,utf-8,retained,history
source_1,1009打包/4_模拟数据3_生成Y.R,01_simulation/02_generation/training/10v_3c/4_模拟数据3_生成Y.R,86c4efbaada3365394d31e6dbe51cd34f00166c4847a55e4c5b437ef72f78952,74263,utf-8,exact_duplicate,research_path
source_1,1009打包/5_jointmodel实现_1.R,90_history/simulation/2483009e65_5_jointmodel实现_1.R,2483009e65c68de9656c055b7da6f07b521d05b07541bdafa437efcfd5ffb709,77481,utf-8,retained,history
source_1,1009打包/5_RSF模型实现.R,90_history/simulation/a1c1e120ee_5_RSF模型实现.R,a1c1e120eec5c7dbfeaf1d162499287f3ae1b43f1950eaa4798cad013c6be5a2,9326,utf-8,retained,history
source_1,1009打包/6_分析_JM结果.R,90_history/simulation/99038c3148_6_分析_JM结果.R,99038c31485215ff05465ba139c896fc62432e12a4b60bc90152bac4cc4ce9ab,3618,utf-8,retained,history
source_1,程序/0_废程序.R,90_history/early_research/0600e78986_0_废程序.R,0600e789863a8a5ca9291f3132f34f3a43715e52b94fd3f0816d6df840fdacf9,11747,utf-8,retained,history
source_1,程序/1_数据处理.R,90_history/early_research/77d7237af3_1_数据处理.R,77d7237af3ce00f4bbd6926c6cd84330e6257e8f6cbe568485b9fd55321e3d44,9820,utf-8,retained,history
source_1,程序/2_描述性分析.R,90_history/early_research/35c532583f_2_描述性分析.R,35c532583fbac3312c4d2b1bcc9ae09ecadcb7eb724fd18c036e51b324d3bfbb,3698,utf-8,retained,history
source_1,程序/3_COX.R,90_history/early_research/131c106e18_3_COX.R,131c106e1828191490911a2149f9c47d5d77e6fd41c2d72dd5a13467e3c0cfd0,784,utf-8,retained,history
source_1,程序/3_JM.R,90_history/early_research/735e026993_3_JM.R,735e02699375026e8ee4c7665cfa99a73c1466e09b5453b9fd8a587bbea7e8e5,5381,utf-8,retained,history
source_1,程序/3_随机森林.R,90_history/early_research/f2bedb2811_3_随机森林.R,f2bedb2811b8922bc0045a5a4e7fcea32408e4b98d5623615966e7e95646cc9b,1828,utf-8,retained,history
source_1,程序/4_尝试(程序封装前).R,90_history/simulation/be537466b7_4_尝试(程序封装前).R,be537466b7e9b76c9c947938254c52a04e0b45071d397594bb58faa9674e5380,13673,utf-8,retained,history
source_1,程序/4_模拟数据1_数据生成.R,90_history/simulation/54d0c73e62_4_模拟数据1_数据生成.R,54d0c73e623201b82b24b6bf68aa0bd1495dd77ea87179bd9bb14984da0cf74d,39770,utf-8,retained,history
source_1,程序/4_模拟数据1_数据生成_V10C1.R,90_history/simulation/68298f7318_4_模拟数据1_数据生成_V10C1.R,68298f73181f294e836c0cd41ac854194a1ebbea7a33253408f64d13f4e7507b,23254,utf-8,retained,history
source_1,程序/4_模拟数据2_生存数据.R,90_history/simulation/478fb08b60_4_模拟数据2_生存数据.R,478fb08b608d8c7d3e7604e2efcc14f9988fea84360691e71bed077ee91766c6,97493,utf-8,exact_duplicate,history
source_1,程序/4_模拟数据2_生存数据_V10C1.R,90_history/simulation/c7cdcac7c1_4_模拟数据2_生存数据_V10C1.R,c7cdcac7c14c2a7eaa20b876f7ec8dc74e294f33a2eb82d5579e214378b7e306,10247,utf-8,retained,history
source_1,程序/4_模拟数据3_生成Y.R,01_simulation/02_generation/training/10v_3c/4_模拟数据3_生成Y.R,86c4efbaada3365394d31e6dbe51cd34f00166c4847a55e4c5b437ef72f78952,74263,utf-8,exact_duplicate,research_path
source_1,程序/4_模拟数据_单个生成.R,01_simulation/01_design/4_模拟数据_单个生成.R,1da552ab824825ca99d19a3caed88a0ea8e3ee23da50ba6615908965afb41352,17782,utf-8,retained,research_path
source_1,程序/4_模拟数据_多元相关性.R,01_simulation/01_design/4_模拟数据_多元相关性.R,be64e7bc5dc1ddd050106077ef1611300f8076bb840b38b0f6826ba9c072b718,18837,utf-8,retained,research_path
source_1,程序/4_模拟数据_相关系数矩阵.R,01_simulation/01_design/4_模拟数据_相关系数矩阵.R,cb8fb5655ff41eefc6a558e9c072169c07cac1465f084f0cd76f59324f4600d4,9078,utf-8,retained,research_path
source_1,程序/5_jointmodel实现_1.R,90_history/simulation/28cfa29fbb_5_jointmodel实现_1.R,28cfa29fbbc95b77bfe3ea8a8be95ef110f5825633d46d6284d98636ba128548,94238,utf-8,retained,history
source_1,程序/5_RSF模型实现.R,90_history/simulation/e7912d4d05_5_RSF模型实现.R,e7912d4d05d63b29d906cd9e1ecb9f696fc45b99418ff31df22cc50d7f7cbe6a,9238,utf-8,retained,history
source_1,程序/5_RSF模型实现_1.R,90_history/simulation/7f55152894_5_RSF模型实现_1.R,7f55152894ff41365775937455ad64cbfa265b40c83057c7cb3d3731b68b77c4,8625,utf-8,retained,history
source_1,程序/6_分析_JM结果.R,90_history/simulation/99038c3148_6_分析_JM结果.R,99038c31485215ff05465ba139c896fc62432e12a4b60bc90152bac4cc4ce9ab,3618,utf-8,exact_duplicate,history
source_1,程序/function.R,90_history/simulation/e6fe663005_function.R,e6fe66300582699f84fc7cd95fe00ddb64b3379df50eb41aa8ef2cbce4b8de4a,10299,utf-8,retained,history
source_1,程序/JM包范例.R,90_history/early_research/d3d05405b8_JM包范例.R,d3d05405b83ed6ef28ff90461da80b07c7255461afeb8e132e621d00c899f5cc,7612,utf-8,retained,history
source_1,程序/开题/开题程序.R,90_history/early_research/735248ad31_开题程序.R,735248ad3108feedc3d47398e3a642ab250817739bff7d10e80baa9737f2edb0,2195,utf-8,retained,history
source_1,程序/程序包/4_模拟数据_数据生成.R,90_history/simulation/f1ed553aa0_4_模拟数据_数据生成.R,f1ed553aa0814c0e67f4efb2a2acd77c3ee21889bb8a53a6d86ed6b35cfbf14c,15009,utf-8,retained,history
source_1,程序/程序包/4_模拟数据_相关系数矩阵.R,90_history/simulation/ca37a3d233_4_模拟数据_相关系数矩阵.R,ca37a3d23342699ca9654f6a31ac53f5a2e089541ac735375b67a906ff5f3ed0,6461,utf-8,retained,history
source_1,程序/程序包/4_生存数据模拟.R,90_history/simulation/78d747e578_4_生存数据模拟.R,78d747e578eb5f0403a8fd28d2ecf8dfd24b45411d8ebf28e09746413abea245,14882,utf-8,retained,history
source_1,程序Trae/4_模拟数据1_数据生成.R,01_simulation/02_generation/training/10v_3c/4_模拟数据1_数据生成.R,823f9d51501db405cf0e29b50a8b4c9324f8c113b9f3f545dc481becb976999e,39502,utf-8,exact_duplicate,research_path
source_1,程序Trae/4_模拟数据1_数据生成_V10C1.R,01_simulation/02_generation/training/10v_1c/4_模拟数据1_数据生成_V10C1.R,99e305e351bba14e5f76bcb284af32910015792833f3b504ecd2744ad324295f,30801,utf-8,exact_duplicate,research_path
source_1,程序Trae/4_模拟数据1_数据生成_V4.R,01_simulation/02_generation/training/4v_1c/4_模拟数据1_数据生成_V4.R,9d44d599a2ed200310bed44970713e5a9f3b913466e4cf710611e532d2e15959,20714,utf-8,exact_duplicate,research_path
source_1,程序Trae/4_模拟数据2_生存数据.R,90_history/simulation/478fb08b60_4_模拟数据2_生存数据.R,478fb08b608d8c7d3e7604e2efcc14f9988fea84360691e71bed077ee91766c6,97493,utf-8,exact_duplicate,history
source_1,程序Trae/4_模拟数据2_生存数据_V10C1.R,90_history/simulation/b7130084be_4_模拟数据2_生存数据_V10C1.R,b7130084beca442d1c22cdb66b9afbe32c53a19af7117d9a14467df828ef355a,137160,utf-8,exact_duplicate,history
source_1,程序Trae/4_模拟数据2_生存数据_V4.R,90_history/simulation/6ac92c6127_4_模拟数据2_生存数据_V4.R,6ac92c6127c6ea7c99ade6c87e93ed49d2375bf6baa2e0c8557117a121387930,47873,utf-8,exact_duplicate,history
source_1,程序Trae/4_模拟数据3_生成Y.R,01_simulation/02_generation/training/10v_3c/4_模拟数据3_生成Y.R,86c4efbaada3365394d31e6dbe51cd34f00166c4847a55e4c5b437ef72f78952,74263,utf-8,exact_duplicate,research_path
source_1,程序Trae/4_模拟数据3_生成Y_V10C1.R,01_simulation/02_generation/training/10v_1c/4_模拟数据3_生成Y_V10C1.R,4cd39d105459959e8b3e5e01d82090c153d7eebe66a661fb667075168f52c361,117269,utf-8,exact_duplicate,research_path
source_1,程序Trae/4_模拟数据3_生成Y_V4.R,01_simulation/02_generation/training/4v_1c/4_模拟数据3_生成Y_V4.R,195365522783bad608a66de91d6cb28749f557d9b7718ab2f567ec6405ad4a5c,81025,utf-8,exact_duplicate,research_path
source_1,程序Trae/5_cox模型.R,01_simulation/04_models/cox/5_cox模型.R,2e881acbfd2e01607698ef7979c6b091a54bb7ad8a781bd098109690418803fc,42349,utf-8,exact_duplicate,research_path
source_1,程序Trae/5_Jointmodel_4VC1.R,01_simulation/04_models/jm/5_Jointmodel_4VC1.R,daca904f0f84f59fd6e0c68a303bb4c8acc771a8ca2397bbecbd0071d54485fa,47187,utf-8,exact_duplicate,research_path
source_1,程序Trae/5_Jointmodel_C1.R,01_simulation/04_models/jm/5_Jointmodel_C1.R,8439d13a5a72be7d13bf9de00adc7be1b04498efb23892ce939e225b3d80e2a4,58861,utf-8,exact_duplicate,research_path
source_1,程序Trae/5_Jointmodel模型实现.R,90_history/simulation/3404a5f8fb_5_Jointmodel模型实现.R,3404a5f8fb1ed523d83d5d15e0a5d481b38ed1ab0c0b147a70539b8c62e3cbf5,29029,utf-8,exact_duplicate,history
source_1,程序Trae/5_RSF_LC模型_4V1C.R,01_simulation/04_models/rsflc/5_RSF_LC模型_4V1C.R,7522bc06fac400c3825b91ae4b6b03869a68bac6a3e7d553024a811946d20cef,47202,utf-8,exact_duplicate,research_path
source_1,程序Trae/5_RSF_LC模型_V10C1.R,01_simulation/04_models/rsflc/5_RSF_LC模型_V10C1.R,b82c65b883d9eba3028c0db886b88b0a4b70b1b4d135525226b251f2747551d5,80633,utf-8,exact_duplicate,research_path
source_1,程序Trae/5_RSF_LC模型_V10C3.R,90_history/simulation/41f7cb4d71_5_RSF_LC模型_V10C3.R,41f7cb4d71e2db7e72d6902c7ed9c26d20c94152a7c4e42a5b8ffc5d9e561540,82091,utf-8,retained,history
source_1,程序Trae/5_RSF_LC模型_尝试.R,90_history/simulation/450c8d6cf6_5_RSF_LC模型_尝试.R,450c8d6cf618fde550bcb70c02270c58ed4004048e6455602e39c9561d220a76,21659,utf-8,exact_duplicate,history
source_1,程序Trae/5_RSF模型_10VC1.R,01_simulation/04_models/rsf/5_RSF模型_10VC1.R,c2e5f03de15e35918e0fb27cffb3f8cc7f0b34e5a0a7a9008f0deb363a98682d,76616,utf-8,exact_duplicate,research_path
source_1,程序Trae/5_RSF模型_4V1C.R,01_simulation/04_models/rsf/5_RSF模型_4V1C.R,37b9efbf86e5c324e8d1ee533ec6421337b4c9c6156ff8ec00b603d2dceed724,41395,utf-8,exact_duplicate,research_path
source_1,程序Trae/6_code.R,01_simulation/05_evaluation/6_code.R,0c0bf0ac9b6b9742f8457fb3722e24de80bc66578f6490e2d3fba9bf0feef6d9,77483,utf-8,exact_duplicate,research_path
source_1,程序Trae/6_结果处理JM_1c.R,01_simulation/05_evaluation/6_结果处理JM_1c.R,e3b0c44298fc1c149afbf4c8996fb92427ae41e4649b934ca495991b7852b855,0,utf-8,exact_duplicate,research_path
source_1,程序Trae/6_结果处理_JM_1c.R,90_history/simulation/4d7c99e50d_6_结果处理_JM_1c.R,4d7c99e50dd15331f3f6e2a43eea691335a143c8b611efbaefddd754f96f6a4a,271,utf-8,retained,history
source_1,程序Trae/6_结果处理_JM_3c.R,01_simulation/05_evaluation/6_结果处理_JM_3c.R,eae7e3f82167d15c430bd8f3fa09c5a54986f67f438058cf70226af8a0e1b4fe,37995,utf-8,exact_duplicate,research_path
source_1,程序Trae/6_结果处理_JM_4V.R,01_simulation/05_evaluation/6_结果处理_JM_4V.R,229ffeb2ad688f29f5d3d60684968f3dd2d0919440698ba8ef4d80ed3ead1e01,18639,utf-8,exact_duplicate,research_path
source_1,程序Trae/6_结果处理_RSF_1c.R,90_history/simulation/12181269a1_6_结果处理_RSF_1c.R,12181269a1752309ab150ff96fc99575d4703ac80403e93199758f2b748aba03,21978,utf-8,retained,history
source_1,程序Trae/6_结果处理_RSF_3c.R,01_simulation/05_evaluation/6_结果处理_RSF_3c.R,de0e688b55b1a77e063009f9afba2726df9031e4a085227181a0ecf1a56cc9a2,47295,utf-8,exact_duplicate,research_path
source_1,程序Trae/新建文件夹/5_RSF模型实现.R,90_history/simulation/9e9a7fed36_5_RSF模型实现.R,9e9a7fed36eea68321bd31d2420dafb0dcf23f919074a650279168ba83677250,9007,utf-8,retained,history
source_1,程序Trae/新建文件夹/5_RSF模型实现_1.R,90_history/simulation/7f55152894_5_RSF模型实现_1.R,7f55152894ff41365775937455ad64cbfa265b40c83057c7cb3d3731b68b77c4,8625,utf-8,exact_duplicate,history
source_1,程序_单一时间点/4_转换单一时间点数据.R,90_history/simulation/b0ce037adf_4_转换单一时间点数据.R,b0ce037adf53d3bf3af8b04928ebffa89567f485a38491c168e8c8e6d9cdcdd7,53872,utf-8,exact_duplicate,history
source_1,程序_单一时间点/5_cox模型.R,90_history/simulation/b9607bce8d_5_cox模型.R,b9607bce8d9e8fde9524bb38e79cb24c3a4ba280145d35febb5beadeb2249977,66729,utf-8,retained,history
source_1,程序_单一时间点/5_cox模型_10VC1.R,01_simulation/04_models/cox/5_cox模型_10VC1.R,dea857d862d98ba224dc754e9d38d38929c444321c5d64d033d1e79824e5dd79,74973,utf-8,exact_duplicate,research_path
source_1,程序_单一时间点/5_cox模型_4V.R,01_simulation/04_models/cox/5_cox模型_4V.R,446de73a664f6dd7395f390a8840753bcc8dd688a17c22857fec350d43467047,40302,utf-8,exact_duplicate,research_path
source_1,程序_单一时间点/5_Jointmodel_4VC1.R,01_simulation/04_models/jm/5_Jointmodel_4VC1.R,daca904f0f84f59fd6e0c68a303bb4c8acc771a8ca2397bbecbd0071d54485fa,47187,utf-8,exact_duplicate,research_path
source_1,程序_单一时间点/5_Jointmodel_C1.R,90_history/simulation/d4c10b6e30_5_Jointmodel_C1.R,d4c10b6e306f58435664af07fab1f6046d70d3dd3dbbe19558e942c3dd722d12,60691,utf-8,retained,history
source_1,程序_单一时间点/5_Jointmodel模型实现.R,90_history/simulation/3404a5f8fb_5_Jointmodel模型实现.R,3404a5f8fb1ed523d83d5d15e0a5d481b38ed1ab0c0b147a70539b8c62e3cbf5,29029,utf-8,exact_duplicate,history
source_1,程序_单一时间点/5_RSF模型_10VC1.R,01_simulation/04_models/rsf/5_RSF模型_10VC1.R,c2e5f03de15e35918e0fb27cffb3f8cc7f0b34e5a0a7a9008f0deb363a98682d,76616,utf-8,exact_duplicate,research_path
source_1,程序_单一时间点/5_RSF模型_4V1C.R,01_simulation/04_models/rsf/5_RSF模型_4V1C.R,37b9efbf86e5c324e8d1ee533ec6421337b4c9c6156ff8ec00b603d2dceed724,41395,utf-8,exact_duplicate,research_path
source_1,程序_单一时间点/5_单一时间点_COX.R,90_history/simulation/4eb9bd9808_5_单一时间点_COX.R,4eb9bd98086f3394ab777332321e12d813658e77d63a2b126b07f5599de15fbe,47899,utf-8,exact_duplicate,history
source_1,程序_单一时间点/6_code.R,01_simulation/05_evaluation/6_code.R,0c0bf0ac9b6b9742f8457fb3722e24de80bc66578f6490e2d3fba9bf0feef6d9,77483,utf-8,exact_duplicate,research_path
source_2,0319大改/代码/4_模拟数据1_数据生成.R,01_simulation/02_generation/training/10v_3c/4_模拟数据1_数据生成.R,823f9d51501db405cf0e29b50a8b4c9324f8c113b9f3f545dc481becb976999e,39502,utf-8,retained,research_path
source_2,0319大改/代码/4_模拟数据1_数据生成_V10C1.R,01_simulation/02_generation/training/10v_1c/4_模拟数据1_数据生成_V10C1.R,99e305e351bba14e5f76bcb284af32910015792833f3b504ecd2744ad324295f,30801,utf-8,retained,research_path
source_2,0319大改/代码/4_模拟数据1_数据生成_V4.R,01_simulation/02_generation/training/4v_1c/4_模拟数据1_数据生成_V4.R,9d44d599a2ed200310bed44970713e5a9f3b913466e4cf710611e532d2e15959,20714,utf-8,retained,research_path
source_2,0319大改/代码/4_模拟数据2_生存数据.R,01_simulation/02_generation/training/10v_3c/4_模拟数据2_生存数据.R,02bea3d25287f5bce7e975ee9c1618cc8d92f90cde82216c9f8c7fb010c147d1,97783,utf-8,retained,research_path
source_2,0319大改/代码/4_模拟数据2_生存数据_V10C1.R,01_simulation/02_generation/training/10v_1c/4_模拟数据2_生存数据_V10C1.R,08db4a4c05357e72862cc1a84a45d09345e202edf8ade436d634927b6525c7f9,137450,utf-8,retained,research_path
source_2,0319大改/代码/4_模拟数据2_生存数据_V4.R,01_simulation/02_generation/training/4v_1c/4_模拟数据2_生存数据_V4.R,3888e4903d0e6c86b25bc0d8e3604ee222e00980e7a40b1a32da7c1838c55571,48165,utf-8,retained,research_path
source_2,0319大改/代码/4_模拟数据3_生成Y.R,01_simulation/02_generation/training/10v_3c/4_模拟数据3_生成Y.R,86c4efbaada3365394d31e6dbe51cd34f00166c4847a55e4c5b437ef72f78952,74263,utf-8,retained,research_path
source_2,0319大改/代码/4_模拟数据3_生成Y_V10C1.R,01_simulation/02_generation/training/10v_1c/4_模拟数据3_生成Y_V10C1.R,4cd39d105459959e8b3e5e01d82090c153d7eebe66a661fb667075168f52c361,117269,utf-8,retained,research_path
source_2,0319大改/代码/4_模拟数据3_生成Y_V4.R,01_simulation/02_generation/training/4v_1c/4_模拟数据3_生成Y_V4.R,195365522783bad608a66de91d6cb28749f557d9b7718ab2f567ec6405ad4a5c,81025,utf-8,retained,research_path
source_2,0319大改/代码/4_补充_模拟数据_10V1C.R,01_simulation/02_generation/paired_test/4_补充_模拟数据_10V1C.R,0342068ca8cb25deda43e2ba85080f3e1f38c218f48115ad72f839557b8a3b7d,62940,utf-8,retained,research_path
source_2,0319大改/代码/4_补充_模拟数据_10V3C.R,01_simulation/02_generation/paired_test/4_补充_模拟数据_10V3C.R,79a230edf56cb647ca6c0b61fdd09bcf83fe534983c8a367420eb210fe65fdda,64478,utf-8,retained,research_path
source_2,0319大改/代码/4_补充_模拟数据_4V.R,01_simulation/02_generation/paired_test/4_补充_模拟数据_4V.R,5b2d8b3a87a35d06d32b11165fba81297a4fb4edeb58c9a296a5557fd2a9ae0a,53694,utf-8,retained,research_path
source_2,0319大改/代码/4_转换单一时间点数据.R,01_simulation/03_preprocessing/4_转换单一时间点数据.R,8f9302a75770f857e69e777737400d35bf367db4f4224353a9e1b7ae6862d91f,53879,utf-8,retained,research_path
source_2,0319大改/代码/5_cox模型.R,01_simulation/04_models/cox/5_cox模型.R,2e881acbfd2e01607698ef7979c6b091a54bb7ad8a781bd098109690418803fc,42349,utf-8,retained,research_path
source_2,0319大改/代码/5_cox模型_10VC1.R,01_simulation/04_models/cox/5_cox模型_10VC1.R,dea857d862d98ba224dc754e9d38d38929c444321c5d64d033d1e79824e5dd79,74973,utf-8,retained,research_path
source_2,0319大改/代码/5_cox模型_4V.R,01_simulation/04_models/cox/5_cox模型_4V.R,446de73a664f6dd7395f390a8840753bcc8dd688a17c22857fec350d43467047,40302,utf-8,retained,research_path
source_2,0319大改/代码/5_Jointmodel_4VC1.R,01_simulation/04_models/jm/5_Jointmodel_4VC1.R,daca904f0f84f59fd6e0c68a303bb4c8acc771a8ca2397bbecbd0071d54485fa,47187,utf-8,retained,research_path
source_2,0319大改/代码/5_Jointmodel_C1.R,01_simulation/04_models/jm/5_Jointmodel_C1.R,8439d13a5a72be7d13bf9de00adc7be1b04498efb23892ce939e225b3d80e2a4,58861,utf-8,retained,research_path
source_2,0319大改/代码/5_Jointmodel_TRY.R,90_history/simulation/cb217ff475_5_Jointmodel_TRY.R,cb217ff4759b26db2055041aa18e2a117b29e8ef2e2a6ad3ec5d14d91162810c,58315,utf-8,retained,history
source_2,0319大改/代码/5_Jointmodel模型实现.R,90_history/simulation/3404a5f8fb_5_Jointmodel模型实现.R,3404a5f8fb1ed523d83d5d15e0a5d481b38ed1ab0c0b147a70539b8c62e3cbf5,29029,utf-8,retained,history
source_2,0319大改/代码/5_RSF_LC模型_4V1C.R,01_simulation/04_models/rsflc/5_RSF_LC模型_4V1C.R,7522bc06fac400c3825b91ae4b6b03869a68bac6a3e7d553024a811946d20cef,47202,utf-8,retained,research_path
source_2,0319大改/代码/5_RSF_LC模型_V10C1.R,01_simulation/04_models/rsflc/5_RSF_LC模型_V10C1.R,b82c65b883d9eba3028c0db886b88b0a4b70b1b4d135525226b251f2747551d5,80633,utf-8,retained,research_path
source_2,0319大改/代码/5_RSF_LC模型_V10C3.R,01_simulation/04_models/rsflc/5_RSF_LC模型_V10C3.R,b30702c31c6f7bc77ce699ddc3c39c053c9560c728291afd6fcdc2524b694131,82055,utf-8,retained,research_path
source_2,0319大改/代码/5_RSF_LC模型_尝试.R,90_history/simulation/450c8d6cf6_5_RSF_LC模型_尝试.R,450c8d6cf618fde550bcb70c02270c58ed4004048e6455602e39c9561d220a76,21659,utf-8,retained,history
source_2,0319大改/代码/5_RSF模型_10VC1.R,01_simulation/04_models/rsf/5_RSF模型_10VC1.R,c2e5f03de15e35918e0fb27cffb3f8cc7f0b34e5a0a7a9008f0deb363a98682d,76616,utf-8,retained,research_path
source_2,0319大改/代码/5_RSF模型_4V1C.R,01_simulation/04_models/rsf/5_RSF模型_4V1C.R,37b9efbf86e5c324e8d1ee533ec6421337b4c9c6156ff8ec00b603d2dceed724,41395,utf-8,retained,research_path
source_2,0319大改/代码/5_单一时间点_COX.R,90_history/simulation/4eb9bd9808_5_单一时间点_COX.R,4eb9bd98086f3394ab777332321e12d813658e77d63a2b126b07f5599de15fbe,47899,utf-8,retained,history
source_2,0319大改/代码/6_code.R,01_simulation/05_evaluation/6_code.R,0c0bf0ac9b6b9742f8457fb3722e24de80bc66578f6490e2d3fba9bf0feef6d9,77483,utf-8,retained,research_path
source_2,0319大改/代码/6_结果处理JM_1c.R,01_simulation/05_evaluation/6_结果处理JM_1c.R,e3b0c44298fc1c149afbf4c8996fb92427ae41e4649b934ca495991b7852b855,0,utf-8,retained,research_path
source_2,0319大改/代码/6_结果处理_ALL.R,01_simulation/05_evaluation/6_结果处理_ALL.R,c9020b9866f3feaf4c1d9f6475f0963a5248de1a8bcfae9f311f948792be5574,1690,utf-8,retained,research_path
source_2,0319大改/代码/6_结果处理_COX_10V1C.R,01_simulation/05_evaluation/6_结果处理_COX_10V1C.R,f4d5b9c3388047a6a36fe64a0e8dd421ff745f678da11296ecd1ac6bdbedcfa6,41138,utf-8,retained,research_path
source_2,0319大改/代码/6_结果处理_COX_10V3C.R,01_simulation/05_evaluation/6_结果处理_COX_10V3C.R,f79140023906c0707ce2910dd0b08c336981b75e0c2dfc8b458c8643fba0fd4c,41151,utf-8,retained,research_path
source_2,0319大改/代码/6_结果处理_COX_4V.R,01_simulation/05_evaluation/6_结果处理_COX_4V.R,9ddf6baa6187e3426b13535691ea3c02cd79a5077f58683dba1a2f185e2a5364,20809,utf-8,retained,research_path
source_2,0319大改/代码/6_结果处理_JM_1c.R,01_simulation/05_evaluation/6_结果处理_JM_1c.R,3e74636d4d07482531978d4f2ccb25dd12d58729ff12242702b74d24c711e524,41517,utf-8,retained,research_path
source_2,0319大改/代码/6_结果处理_JM_3c.R,01_simulation/05_evaluation/6_结果处理_JM_3c.R,eae7e3f82167d15c430bd8f3fa09c5a54986f67f438058cf70226af8a0e1b4fe,37995,utf-8,retained,research_path
source_2,0319大改/代码/6_结果处理_JM_4V.R,01_simulation/05_evaluation/6_结果处理_JM_4V.R,229ffeb2ad688f29f5d3d60684968f3dd2d0919440698ba8ef4d80ed3ead1e01,18639,utf-8,retained,research_path
source_2,0319大改/代码/6_结果处理_RSFLC_10V1c.R,01_simulation/05_evaluation/6_结果处理_RSFLC_10V1c.R,bb0983122bc6af7940fa140c78366bc2f6ce76e33870a6ce04acd631acc33030,41883,utf-8,retained,research_path
source_2,0319大改/代码/6_结果处理_RSFLC_4V.R,01_simulation/05_evaluation/6_结果处理_RSFLC_4V.R,c7665657fc89fbc74d158d765abc590ae84398346a5cc14cdc10a25c0203df91,21367,utf-8,retained,research_path
source_2,0319大改/代码/6_结果处理_RSF_1c.R,01_simulation/05_evaluation/6_结果处理_RSF_1c.R,bd371a1c84f8fa0323b1830d9c99eafc1d3cd1df1f8fd99e40a8207b88e31634,41639,utf-8,retained,research_path
source_2,0319大改/代码/6_结果处理_RSF_3c.R,01_simulation/05_evaluation/6_结果处理_RSF_3c.R,de0e688b55b1a77e063009f9afba2726df9031e4a085227181a0ecf1a56cc9a2,47295,utf-8,retained,research_path
source_2,0319大改/代码/TEST/4_TEST_模拟数据.r,90_history/simulation/57eae9ab1b_4_TEST_模拟数据.r,57eae9ab1bf72c9a78325bc83e64027e4af0884c88a790a69387375883c333d7,8320,utf-8,retained,history
source_2,0319大改/代码/TEST/5_JMBayes_TEST.r,90_history/simulation/075176e029_5_JMBayes_TEST.r,075176e0297e05f961697fcf1e4a84384b25e728e72d87e8b7ad9013f6f426e9,6250,utf-8,retained,history
source_2,0319大改/代码/TEST/5_JM_TEST.R,90_history/simulation/ba05e8d068_5_JM_TEST.R,ba05e8d068f6f71e3ec74e7a030c06b5fc47ed6a11cd19a65a9bf75628d5849c,8597,utf-8,retained,history
source_2,0319大改/代码/TEST/5_RSF_TEST.R,90_history/simulation/41cf71f3d7_5_RSF_TEST.R,41cf71f3d7dd73420a281928789ca9ceef9ddceb743041f7922f1246a3b83547,8363,utf-8,retained,history
source_2,0319大改/代码/TEST/5_TEST_模拟JM200.R,90_history/simulation/b0ab5ae3e5_5_TEST_模拟JM200.R,b0ab5ae3e526fa3a8a83c2236404dba39fb9f75dd8b0ca916688e59a2778dca2,5403,utf-8,retained,history
source_2,0319大改/代码/TEST/5_TEST_模拟RSF200.R,90_history/simulation/15f4b8b4c1_5_TEST_模拟RSF200.R,15f4b8b4c19eca33a6c31ed916ea16eaf4de7b777eeb03c3da14daa9b9d46429,4651,utf-8,retained,history
source_2,0319大改/代码/TEST/查找协变量被剔除的示例.R,90_history/simulation/c0db261cf2_查找协变量被剔除的示例.R,c0db261cf26606fcf1242ea4ac97fbfe4c882e81712829283dff09931617dbe9,3248,utf-8,retained,history
source_2,0319大改/代码修改/5_cox模型.R,01_simulation/04_models/cox/5_cox模型.R,2e881acbfd2e01607698ef7979c6b091a54bb7ad8a781bd098109690418803fc,42349,utf-8,exact_duplicate,research_path
source_2,0319大改/代码修改/5_cox模型_10VC1.R,01_simulation/04_models/cox/5_cox模型_10VC1.R,dea857d862d98ba224dc754e9d38d38929c444321c5d64d033d1e79824e5dd79,74973,utf-8,exact_duplicate,research_path
source_2,0319大改/代码修改/5_COX模型_10VC1_remake.r,01_simulation/04_models/paired_test/5_COX模型_10VC1_remake.r,838c5af926cd73862cd17923a8c2db0b9b56e6d1010b75e65db0c376fda24155,72940,utf-8,retained,research_path
source_2,0319大改/代码修改/5_cox模型_4V.R,01_simulation/04_models/cox/5_cox模型_4V.R,446de73a664f6dd7395f390a8840753bcc8dd688a17c22857fec350d43467047,40302,utf-8,exact_duplicate,research_path
source_2,0319大改/代码修改/5_JM_10V1C_测试集.R,01_simulation/04_models/paired_test/5_JM_10V1C_测试集.R,066ab7d07e084621369c6ea43c1358829fef4f3a6cc42bc4b4ce7b9803381477,47506,utf-8,retained,research_path
source_2,0319大改/代码修改/5_JM_10V3C_测试集.R,01_simulation/04_models/paired_test/5_JM_10V3C_测试集.R,1b8e3bef20bef2f8a4f4e75979b514b132732a70dc757ec81199c1c8900e5f70,47587,utf-8,retained,research_path
source_2,0319大改/代码修改/5_Jointmodel_4VC1.R,01_simulation/04_models/jm/5_Jointmodel_4VC1.R,daca904f0f84f59fd6e0c68a303bb4c8acc771a8ca2397bbecbd0071d54485fa,47187,utf-8,exact_duplicate,research_path
source_2,0319大改/代码修改/5_Jointmodel_C1.R,01_simulation/04_models/jm/5_Jointmodel_C1.R,8439d13a5a72be7d13bf9de00adc7be1b04498efb23892ce939e225b3d80e2a4,58861,utf-8,exact_duplicate,research_path
source_2,0319大改/代码修改/5_Jointmodel模型实现.R,90_history/simulation/3404a5f8fb_5_Jointmodel模型实现.R,3404a5f8fb1ed523d83d5d15e0a5d481b38ed1ab0c0b147a70539b8c62e3cbf5,29029,utf-8,exact_duplicate,history
source_2,0319大改/代码修改/5_RSF_10V1C_测试集.R,01_simulation/04_models/paired_test/5_RSF_10V1C_测试集.R,289278610d3bf0ff19bd4173ab0eb6927a646f7b9eb15e875f690484937c8d1d,32380,utf-8,retained,research_path
source_2,0319大改/代码修改/5_RSF_10V3C_测试集.R,01_simulation/04_models/paired_test/5_RSF_10V3C_测试集.R,704d30741f9cf8d812a66c8314f378c7f18b0c47c2bb7e1de39f1318f59752ce,37228,utf-8,retained,research_path
source_2,0319大改/代码修改/5_RSF_LC_V10C1_测试集.R,01_simulation/04_models/paired_test/5_RSF_LC_V10C1_测试集.R,295a9b7630ff878167f73fe6d12a78b8770648e8f5fd23412692c9309a86cda2,44656,utf-8,retained,research_path
source_2,0319大改/代码修改/5_RSF_LC_V10C3_测试集.R,01_simulation/04_models/paired_test/5_RSF_LC_V10C3_测试集.R,13b45cab8a9c20a9badd1aee794331166b9c0f5b04f84838662da70bc8be5420,51170,utf-8,retained,research_path
source_2,0319大改/代码修改/5_RSF_LC模型_4V1C.R,01_simulation/04_models/rsflc/5_RSF_LC模型_4V1C.R,7522bc06fac400c3825b91ae4b6b03869a68bac6a3e7d553024a811946d20cef,47202,utf-8,exact_duplicate,research_path
source_2,0319大改/代码修改/5_RSF_LC模型_V10C1.R,01_simulation/04_models/rsflc/5_RSF_LC模型_V10C1.R,b82c65b883d9eba3028c0db886b88b0a4b70b1b4d135525226b251f2747551d5,80633,utf-8,exact_duplicate,research_path
source_2,0319大改/代码修改/5_RSF_LC模型_V10C3.R,01_simulation/04_models/rsflc/5_RSF_LC模型_V10C3.R,b30702c31c6f7bc77ce699ddc3c39c053c9560c728291afd6fcdc2524b694131,82055,utf-8,exact_duplicate,research_path
source_2,0319大改/代码修改/5_RSF_LC模型_尝试.R,90_history/simulation/450c8d6cf6_5_RSF_LC模型_尝试.R,450c8d6cf618fde550bcb70c02270c58ed4004048e6455602e39c9561d220a76,21659,utf-8,exact_duplicate,history
source_2,0319大改/代码修改/5_RSF模型_10VC1.R,01_simulation/04_models/rsf/5_RSF模型_10VC1.R,c2e5f03de15e35918e0fb27cffb3f8cc7f0b34e5a0a7a9008f0deb363a98682d,76616,utf-8,exact_duplicate,research_path
source_2,0319大改/代码修改/5_RSF模型_4V1C.R,01_simulation/04_models/rsf/5_RSF模型_4V1C.R,37b9efbf86e5c324e8d1ee533ec6421337b4c9c6156ff8ec00b603d2dceed724,41395,utf-8,exact_duplicate,research_path
source_2,0319大改/代码修改/debug_ranef_mjoint.R,90_history/simulation/90b02ba668_debug_ranef_mjoint.R,90b02ba668209c90b8943fef803eabb2cd1b03226b81c2f3debcdef659823d0a,1063,utf-8,retained,history
source_2,0417/代码/0417实例数据引入.R,90_history/clinical/c756b8822a_0417实例数据引入.R,c756b8822a4d1d4802469dbf3dbe845a224d138438977a3da1fc96c589a8bfbe,22581,utf-8,retained,history
source_2,0417/代码/0424实例数据纵向处理.R,90_history/clinical/1d0ce62170_0424实例数据纵向处理.R,1d0ce62170ce561832ebb727ddf987504805909b1000f4c99de666e796b01e05,8200,utf-8,retained,history
source_2,0417/代码/0428实例数据分析.R,90_history/clinical/6908624d99_0428实例数据分析.R,6908624d99ad8197c9659c2aa1bf672441671eb4b48bc1e1f584766a8288d8e4,9951,utf-8,retained,history
source_2,0417/代码/0506处理.R,90_history/clinical/8dc5adcc93_0506处理.R,8dc5adcc939764ab9e00194e46e04affa8a078c70a1665863ffc9efbfa98ecfa,5673,utf-8,retained,history
source_2,0417/代码/0506实例分析.R,90_history/clinical/a162021efd_0506实例分析.R,a162021efda738a38d756191bd09d6ed2b397487bb41f09dca6fe12fd83a6237,10507,utf-8,retained,history
source_2,0521/代码/5折交叉验证COX.R,90_history/clinical/e1233bcfa5_5折交叉验证COX.R,e1233bcfa5a060dfa1a009e4d7dea831097222259b4cd400b1b2b1b2da2fcfa4,12188,utf-8,retained,history
source_2,0521/代码/5折交叉验证JM.R,90_history/clinical/1801bff5f8_5折交叉验证JM.R,1801bff5f8c066362bcad6e4d2f4ad30dcbc5f5c4bd91cbc473f8a06166e29b8,16361,utf-8,retained,history
source_2,0521/代码/5折交叉验证RSF.R,90_history/clinical/6b3e8ad680_5折交叉验证RSF.R,6b3e8ad68049470cae8e52e828823c4a535e53cef665ea817ec447de05c45a32,13629,utf-8,retained,history
source_2,0521/代码/5折交叉验证RSF_LC.R,90_history/clinical/ff6bae137a_5折交叉验证RSF_LC.R,ff6bae137a2a3f555952a33f726e1467caf8d75415926e8458aa78b1ccd58466,31518,utf-8,retained,history
source_2,0521/代码/cal_3_test.R,90_history/clinical/e4d3d42148_cal_3_test.R,e4d3d421481075c1fe74273dc1e406ff0c489c095771706afcc85e39f73423e5,4783,utf-8,retained,history
source_2,0521/代码/prep_sofa_inputs.R,02_clinical/02_preprocessing/source_0521/prep_sofa_inputs.R,2ce21818a672c5dd7fdd7a1c340eb0f5171868bf4be343cb33d72b72f924bcd1,1771,utf-8,retained,research_path
source_2,0521/代码/RSFLC_gcs.R,90_history/clinical/1a13803ad7_RSFLC_gcs.R,1a13803ad7f4cfb3e1e14efd4f0935c1cf8c4908281ab214249f7a6aeb2cdd55,2632,utf-8,retained,history
source_2,0521/代码/RSFLC_sofa.R,90_history/clinical/97c6aef8f0_RSFLC_sofa.R,97c6aef8f0cd7da690db831b2d4507e1910592f78003c7bf4972db542125061b,2827,utf-8,retained,history
source_2,0521/代码/RSFLC_sofa_fold.R,90_history/clinical/e1fc292a18_RSFLC_sofa_fold.R,e1fc292a18324563d09498f7b6d67dc2c982819f59e05ecb3cd9fe30d092aa44,1391,utf-8,retained,history
source_2,0521/代码/RSFLC_sofa_fold_分段运行.R,90_history/clinical/34809a1de5_RSFLC_sofa_fold_分段运行.R,34809a1de5a93c8032b6b8490265305e89e6f068a5de12595045fb46fa03c7d7,4863,utf-8,retained,history
source_2,0521/代码/RSF_fold_分段运行.R,90_history/clinical/50d2e36a96_RSF_fold_分段运行.R,50d2e36a9607cb170c798876088280807109d47dcb9ca83c7f9ebab6a55a1900,3900,utf-8,retained,history
source_2,0521/代码/变量筛选.R,02_clinical/02_preprocessing/source_0521/变量筛选.R,b40163c59f825fa791f03f4896561a48e9dc3accb24131200000ba14cd2032e1,15218,utf-8,retained,research_path
source_2,0521/代码/建模COX.R,90_history/clinical/27f57182fb_建模COX.R,27f57182fb52ad34a3056d93860cd251f10b433ca42dfcccd06a4aa34bcef2f1,4937,utf-8,retained,history
source_2,0521/代码/建模RSFLC.R,90_history/clinical/5c6f9305e6_建模RSFLC.R,5c6f9305e61fb3075dc030f3851ffb630b240b8b1e29da0bcde83f309c4134e2,27428,utf-8,retained,history
source_2,0521/代码/数据分折.R,02_clinical/02_preprocessing/source_0521/数据分折.R,b4d32085aa8a945551e29f3264655e92245d93082536f998095f1724f9c25605,12318,utf-8,retained,research_path
source_2,0521/代码/数据处理_1.R,02_clinical/02_preprocessing/source_0521/数据处理_1.R,6f4e2d658595e9697b10332e867ae78da746cb027b414e9113d1f325a16f3610,20287,utf-8,retained,research_path
source_2,0521/代码/数据处理_2.R,02_clinical/02_preprocessing/source_0521/数据处理_2.R,a68958e475644fb3102cd1241243bbe2a51f707a942050a75a569e40eeb52d3e,11776,utf-8,retained,research_path
source_2,0521/代码/纵向P1P99清洗.R,02_clinical/02_preprocessing/source_0521/纵向P1P99清洗.R,9f5aaff7e357939bf0688760bee5b71c40670cbce8e7502e6890766b437cb586,2020,utf-8,retained,research_path
source_2,0521/代码/结果处理.R,90_history/clinical/aa0c6aee92_结果处理.R,aa0c6aee9272379ef7734dbb85de7624576df8fc184ff5f145dcbbe88bd2e00a,3659,utf-8,retained,history
source_2,0521/实例研究/代码/5折交叉验证COX.R,90_history/clinical/e1233bcfa5_5折交叉验证COX.R,e1233bcfa5a060dfa1a009e4d7dea831097222259b4cd400b1b2b1b2da2fcfa4,12188,utf-8,exact_duplicate,history
source_2,0521/实例研究/代码/5折交叉验证JM.R,90_history/clinical/1801bff5f8_5折交叉验证JM.R,1801bff5f8c066362bcad6e4d2f4ad30dcbc5f5c4bd91cbc473f8a06166e29b8,16361,utf-8,exact_duplicate,history
source_2,0521/实例研究/代码/5折交叉验证RSF.R,90_history/clinical/6b3e8ad680_5折交叉验证RSF.R,6b3e8ad68049470cae8e52e828823c4a535e53cef665ea817ec447de05c45a32,13629,utf-8,exact_duplicate,history
source_2,0521/实例研究/代码/5折交叉验证RSF_LC.R,90_history/clinical/ff6bae137a_5折交叉验证RSF_LC.R,ff6bae137a2a3f555952a33f726e1467caf8d75415926e8458aa78b1ccd58466,31518,utf-8,exact_duplicate,history
source_2,0521/实例研究/代码/cal_3_test.R,90_history/clinical/e4d3d42148_cal_3_test.R,e4d3d421481075c1fe74273dc1e406ff0c489c095771706afcc85e39f73423e5,4783,utf-8,exact_duplicate,history
source_2,0521/实例研究/代码/prep_sofa_inputs.R,02_clinical/02_preprocessing/source_0521/prep_sofa_inputs.R,2ce21818a672c5dd7fdd7a1c340eb0f5171868bf4be343cb33d72b72f924bcd1,1771,utf-8,exact_duplicate,research_path
source_2,0521/实例研究/代码/RSFLC_gcs.R,90_history/clinical/1a13803ad7_RSFLC_gcs.R,1a13803ad7f4cfb3e1e14efd4f0935c1cf8c4908281ab214249f7a6aeb2cdd55,2632,utf-8,exact_duplicate,history
source_2,0521/实例研究/代码/RSFLC_sofa.R,90_history/clinical/97c6aef8f0_RSFLC_sofa.R,97c6aef8f0cd7da690db831b2d4507e1910592f78003c7bf4972db542125061b,2827,utf-8,exact_duplicate,history
source_2,0521/实例研究/代码/RSFLC_sofa_fold.R,90_history/clinical/e1fc292a18_RSFLC_sofa_fold.R,e1fc292a18324563d09498f7b6d67dc2c982819f59e05ecb3cd9fe30d092aa44,1391,utf-8,exact_duplicate,history
source_2,0521/实例研究/代码/RSFLC_sofa_fold_分段运行.R,90_history/clinical/34809a1de5_RSFLC_sofa_fold_分段运行.R,34809a1de5a93c8032b6b8490265305e89e6f068a5de12595045fb46fa03c7d7,4863,utf-8,exact_duplicate,history
source_2,0521/实例研究/代码/RSF_fold_分段运行.R,90_history/clinical/50d2e36a96_RSF_fold_分段运行.R,50d2e36a9607cb170c798876088280807109d47dcb9ca83c7f9ebab6a55a1900,3900,utf-8,exact_duplicate,history
source_2,0521/实例研究/代码/变量筛选.R,02_clinical/02_preprocessing/source_0521/变量筛选.R,b40163c59f825fa791f03f4896561a48e9dc3accb24131200000ba14cd2032e1,15218,utf-8,exact_duplicate,research_path
source_2,0521/实例研究/代码/建模COX.R,90_history/clinical/27f57182fb_建模COX.R,27f57182fb52ad34a3056d93860cd251f10b433ca42dfcccd06a4aa34bcef2f1,4937,utf-8,exact_duplicate,history
source_2,0521/实例研究/代码/建模RSFLC.R,90_history/clinical/5c6f9305e6_建模RSFLC.R,5c6f9305e61fb3075dc030f3851ffb630b240b8b1e29da0bcde83f309c4134e2,27428,utf-8,exact_duplicate,history
source_2,0521/实例研究/代码/数据分折.R,02_clinical/02_preprocessing/source_0521/数据分折.R,b4d32085aa8a945551e29f3264655e92245d93082536f998095f1724f9c25605,12318,utf-8,exact_duplicate,research_path
source_2,0521/实例研究/代码/数据处理_1.R,02_clinical/02_preprocessing/source_0521/数据处理_1.R,6f4e2d658595e9697b10332e867ae78da746cb027b414e9113d1f325a16f3610,20287,utf-8,exact_duplicate,research_path
source_2,0521/实例研究/代码/数据处理_2.R,02_clinical/02_preprocessing/source_0521/数据处理_2.R,a68958e475644fb3102cd1241243bbe2a51f707a942050a75a569e40eeb52d3e,11776,utf-8,exact_duplicate,research_path
source_2,0521/实例研究/代码/纵向P1P99清洗.R,02_clinical/02_preprocessing/source_0521/纵向P1P99清洗.R,9f5aaff7e357939bf0688760bee5b71c40670cbce8e7502e6890766b437cb586,2020,utf-8,exact_duplicate,research_path
source_2,0521/实例研究/代码/结果处理.R,90_history/clinical/aa0c6aee92_结果处理.R,aa0c6aee9272379ef7734dbb85de7624576df8fc184ff5f145dcbbe88bd2e00a,3659,utf-8,exact_duplicate,history
source_2,0722/JMBayes-20260723.R,90_history/clinical/feae89a3ec_JMBayes-20260723.R,feae89a3ec927d13ed03594429e34220198ebd4ed049f3d734b3184269790788,3314,utf-8,retained,history
source_2,0722/t1.R,90_history/clinical/c4d6f67638_t1.R,c4d6f6763872e55442eff599f7ab12a1f556a18ea07588820c0b8915de7a54d5,6459,utf-8,retained,history
source_2,0722/t2.R,90_history/clinical/ec666847b5_t2.R,ec666847b5ca1fd59653ff2ec91766a7e2d8161fa391ada7f62da7618fa446b3,8587,utf-8,retained,history
source_2,0722/_add_ch5_tuning_0827_4.py,90_history/reporting_edits/ba32552744__add_ch5_tuning_0827_4.py,ba325527446e6549f6d0251f86a1d44d832c384a2a6c2ff164180f5f777fc11b,18210,utf-8,retained,history
source_2,0722/_delete_533_0827_6.py,90_history/reporting_edits/9f17eba7bd__delete_533_0827_6.py,9f17eba7bd0c61f5090cf0a09ed5107b31b2ebd31379ee577525744d9837be3f,16834,utf-8,retained,history
source_2,0722/_fix_ch5_framework_0827_3.py,90_history/reporting_edits/d6ec0b1f06__fix_ch5_framework_0827_3.py,d6ec0b1f06cb40449e333b0759f2f7288907678dfe96692311b4742b3ad535f2,5744,utf-8,retained,history
source_2,0722/_inspect_table_fmt.py,90_history/reporting_edits/ce4a9c9d06__inspect_table_fmt.py,ce4a9c9d06a935cb4d282d507119664010a1fae08dbe4356ab0d7112932cdab8,2236,utf-8,retained,history
source_2,0722/_revise_ch5_0828_1.py,90_history/reporting_edits/015c599a97__revise_ch5_0828_1.py,015c599a970cf3e1013622c39eee9855595acf34b8231cf539e5b41cde0a0784,39338,utf-8,retained,history
source_2,0722/_split_table51_schemeC.py,90_history/reporting_edits/4d9df0e5ce__split_table51_schemeC.py,4d9df0e5ceaaafba4ae93c169ea3d3e215f1ed68e43f144e9b627e5a544106ef,14991,utf-8,retained,history
source_2,0722/_update_ch5_0828_2.py,90_history/reporting_edits/345f3aa42c__update_ch5_0828_2.py,345f3aa42c045b91390c0647dfc0456f773bc3efc71292b3c474d7e5b8a4c924,19596,utf-8,retained,history
source_2,0722/_update_ch5_framework_0827_3.py,90_history/reporting_edits/f6968fcb97__update_ch5_framework_0827_3.py,f6968fcb97ecbd330787b6e673be8b607e0c584b36bc63c257c730f92266ee64,15990,utf-8,retained,history
source_2,0722/_update_ch5_table_format_0827.py,90_history/reporting_edits/2de2648388__update_ch5_table_format_0827.py,2de2648388b943194520b2f2a3e39977d05985157bbb6855e7998df40acf31be,13038,utf-8,retained,history
source_2,0722/_update_table52_schemeA.py,90_history/reporting_edits/a5f0899b83__update_table52_schemeA.py,a5f0899b83af3c48d8a20d709eff939a97f8821377999a8879d29af3c9977c2b,13960,utf-8,retained,history
source_2,0722/_update_tuning_0827_5.py,90_history/reporting_edits/1ca4c97eb6__update_tuning_0827_5.py,1ca4c97eb6cae169d27b3b33f2351617d4a05ab67817de1786ba51cd169c777d,9118,utf-8,retained,history
source_2,0722/pythonProject1/RSFLC_fit_model.R,90_history/clinical/6e38f85e26_RSFLC_fit_model.R,6e38f85e26d90b9f564f4eadcdd5f42d96fd18ad08650f1801f4fbffd9acd471,7421,utf-8,retained,history
source_2,0722/pythonProject1/RSFLC_predict_bridge.R,90_history/clinical/3d60b1df0c_RSFLC_predict_bridge.R,3d60b1df0ce805392f284977f3b157081c430a0e79138f6715e5ae9e01a49bc3,4095,utf-8,retained,history
source_2,0722/pythonProject1/RSFLC_SHAP.py,90_history/clinical/bf0487096e_RSFLC_SHAP.py,bf0487096ea71fd2496ccae8e11ef9199f08a823bfc1ac8ffca86731d14d503f,6732,utf-8,retained,history
source_2,0722/pythonProject1/SHAP作图.py,90_history/clinical/625c42d743_SHAP作图.py,625c42d7436ab56eeaee274e72b2c37510eb550485a7189f000839e1a6ab1e11,2504,utf-8,retained,history
source_2,0722/pythonProject1/stroke_RSFLC_SHAP/RSFLC_stroke_fit.R,02_clinical/05_explanation/rsflc_shap/RSFLC_stroke_fit.R,fcec48e2282f9a56564fbef3407638eabe289961329e1c556cfa508021531181,10006,utf-8,retained,research_path
source_2,0722/pythonProject1/stroke_RSFLC_SHAP/RSFLC_stroke_predict.R,02_clinical/05_explanation/rsflc_shap/RSFLC_stroke_predict.R,894c3378d216e9c5867d5e53ac5f42ff4d99ec137ffdb383471129bd30c74252,3757,utf-8,retained,research_path
source_2,0722/pythonProject1/stroke_RSFLC_SHAP/RSFLC_stroke_SHAP.py,02_clinical/05_explanation/rsflc_shap/RSFLC_stroke_SHAP.py,ceedad2deaa634ad82c994560ec7756794c5e438c3ec586cb50269a22f139945,5844,utf-8,retained,research_path
source_2,0722/实例研究代码/RSFLC_baseline_0826.R,90_history/clinical/00e3638ff6_RSFLC_baseline_0826.R,00e3638ff6c0212a4d3e7682872fa9379ba3af23358a9c74277fbc14d16f57a5,49672,utf-8,retained,history
source_2,0722/实例研究代码/RSF_baseline_0826.R,90_history/clinical/2f3183e2a3_RSF_baseline_0826.R,2f3183e2a3627a7ebc55c22dce6fc80c689872d476f65b7fff52b4307f0d9c6f,16115,utf-8,retained,history
source_2,0722/实例研究代码/5折RSF/RSF_tune_fold5.R,90_history/clinical/fd0a363613_RSF_tune_fold5.R,fd0a36361332d5f8cef14fc1ea0b9c5cca10e758dca344d0a8e8984e6454332c,15529,utf-8,retained,history
source_2,0722/实例研究代码/5折RSF/RSF最优模型输出结果.R,90_history/clinical/98c0b5f68d_RSF最优模型输出结果.R,98c0b5f68ddd66d0e207c5b598855c0b0d67b747da4459e9c27b7cd8717c9052,8929,utf-8,retained,history
source_2,0722/实例研究代码/5折RSFLC/RSFLC_20V_tune_fold5.R,90_history/clinical/44f65bc7be_RSFLC_20V_tune_fold5.R,44f65bc7bee5d9a87bcdcb6191f3b83750685a6b15a07c9f6f941024f0db3282,22717,utf-8,retained,history
source_2,0722/实例研究代码/5折RSFLC/RSFLC最优模型输出结果.R,90_history/clinical/50948ae612_RSFLC最优模型输出结果.R,50948ae612b82cde8a1b23457d532fb728f83db4d5eaf7c68bb217bb02c2610b,41196,utf-8,retained,history
source_2,0722/实例研究代码/代码/add_train_5fold_0826.py,02_clinical/02_preprocessing/source_0824/add_train_5fold_0826.py,7a8b6278eb3b01222b1ef23fc12b1940c98b8a648f2dbc75eee0ba3f15bad12e,3672,utf-8,retained,research_path
source_2,0722/实例研究代码/代码/knn_impute_longitudinal_0824.R,02_clinical/02_preprocessing/source_0824/knn_impute_longitudinal_0824.R,17cc074789dfde117da7099f15d814c84663d2fd241fb9d04bbe94f5c5efcfcb,13695,utf-8,retained,research_path
source_2,0722/实例研究代码/代码/RSFLC_baseline_0825.R,90_history/clinical/00e3638ff6_RSFLC_baseline_0826.R,00e3638ff6c0212a4d3e7682872fa9379ba3af23358a9c74277fbc14d16f57a5,49672,utf-8,exact_duplicate,history
source_2,0722/实例研究代码/代码/RSF_5fold.R,90_history/clinical/9effca22a9_RSF_5fold.R,9effca22a993ce0344c711913ef1ac17eb66e32f8724b34a6e67bbef6dcd0159,6532,utf-8,retained,history
source_2,0722/实例研究代码/代码/RSF_baseline_0824.R,90_history/clinical/2f3183e2a3_RSF_baseline_0826.R,2f3183e2a3627a7ebc55c22dce6fc80c689872d476f65b7fff52b4307f0d9c6f,16115,utf-8,exact_duplicate,history
source_2,0722/实例研究代码/代码/RSF_tune_grid_0824.R,90_history/clinical/a373a8cf4c_RSF_tune_grid_0824.R,a373a8cf4c802d1e76965d1c48150b59825c14da8d592e54f119de5bdcbd3419,4881,utf-8,retained,history
source_2,0722/实例研究代码/参考/新COX.R,90_history/clinical/f0a7351ae4_新COX.R,f0a7351ae4db1726bf7e39f9834f9795550d2bc51f0be255a392e70e7b1cc1b4,11434,utf-8,retained,history
source_2,0722/实例研究代码/参考/新RSF.R,90_history/clinical/dbc90b3a17_新RSF.R,dbc90b3a17f8a3f3769b1032e0cdd40fef9ee9166e61ee09f0781202969aac74,24829,utf-8,retained,history
source_2,0722/实例研究代码/执行/0826_COX_结果输出.R,02_clinical/03_models/individual_0826/cox/0826_COX_结果输出.R,0f6e64a430ec60c3215232b07bb548d56f2ad4e8df4a939a6c574c66cd7583a6,12581,utf-8,retained,research_path
source_2,0722/实例研究代码/执行/0826_RSFLC结果输出.R,90_history/clinical/e160aea228_0826_RSFLC结果输出.R,e160aea2287a05b46c9384e09062f3e0731e7f0869fc1c7585c0e02ca3c19d85,43749,utf-8,retained,history
source_2,0722/实例研究代码/执行/0826_RSFLC超参数筛选.R,02_clinical/03_models/individual_0826/support/0826_RSFLC超参数筛选.R,d17f676c84e3e728a147ec4e613cde96279379aa8186e9b39d5d638fca768f4e,19883,utf-8,retained,research_path
source_2,0722/实例研究代码/执行/0826_RSF_结果输出.R,02_clinical/03_models/individual_0826/rsf/0826_RSF_结果输出.R,91a94cd475a6680697f85bcaa2dcb628e09c627456fc805be62bb32cf308b32b,22978,utf-8,retained,research_path
source_2,0722/实例研究代码/执行/0826_RSF_超参数筛选.R,02_clinical/03_models/individual_0826/support/0826_RSF_超参数筛选.R,9e6a93402aca290f4b858f6bae48ccebdbb0726797999bd7dd71a8e8e322ad3c,10247,utf-8,retained,research_path
source_2,0722/实例研究代码/执行/0827_JM_base.R,02_clinical/03_models/individual_0826/support/0827_JM_base.R,3c9d3919f37b850da66c883e085a794d5304847c5dbf588f5e2baf1451ab13f9,44950,utf-8,retained,research_path
source_2,0722/实例研究代码/执行/0827_RSFLC结果输出.R,02_clinical/03_models/individual_0826/rsflc/0827_RSFLC结果输出.R,fbe175c2d7c68d2d5e76f21e0094b4bcf9b5e0adee7a05f00cc9bc5e30b4088a,48788,utf-8,retained,research_path
source_2,0722/实例研究代码/执行/0831_JM结果输出.R,02_clinical/03_models/individual_0826/jm/0831_JM结果输出.R,b3baae30c50813295e358e8893770f915dcc2663399a3cc43206fe870c8e0dbf,49864,utf-8,retained,research_path
source_2,0722/实例研究代码/试运行/RSFLC_20V.R,90_history/clinical/6604b612e3_RSFLC_20V.R,6604b612e3da0c68f30a47ec788f0238490c2838377f8073a0397592d46cd6e1,23222,utf-8,retained,history
source_2,0722/实例研究代码/试运行/JM/0827_JM.R,90_history/clinical/40586f99ed_0827_JM.R,40586f99ed4c5d5a32d1385350d5e5b6aa4e59a6ccaa583a312de07dfcfe9686,35275,utf-8,retained,history
source_2,0722/实例研究代码/试运行/RSFLC/RSFLC_20V_tune_fold5.R,90_history/clinical/44f65bc7be_RSFLC_20V_tune_fold5.R,44f65bc7bee5d9a87bcdcb6191f3b83750685a6b15a07c9f6f941024f0db3282,22717,utf-8,exact_duplicate,history
source_2,0722/模拟研究代码/5_jointmodel_10V1C.R,01_simulation/04_models/jm/jmbayes2_0722/5_jointmodel_10V1C.R,a3a5bdbae279a46d7f8f23bcade3acd4f2f812b79245d8298273553f7de4f7d5,16845,utf-8,retained,research_path
source_2,0722/模拟研究代码/5_jointmodel_10V3C.R,01_simulation/04_models/jm/jmbayes2_0722/5_jointmodel_10V3C.R,04f4554e19f5220d76a6d1392737243ab81df015b913783adaff5edb25e1e453,17353,utf-8,retained,research_path
source_2,0722/模拟研究代码/5_jointmodel_4V.R,01_simulation/04_models/jm/jmbayes2_0722/5_jointmodel_4V.R,731aa65c7b577d22c9d79f1a277db67972fb8babec97cb675d2713bc3bbafead,15430,utf-8,retained,research_path
source_2,0722/模拟研究代码/_cmp_censor_time.py,90_history/simulation/0e14e0b173__cmp_censor_time.py,0e14e0b173dffe9e6c0c226f80179e838af5bbeec723c49fe8e8c96994726fd6,1779,utf-8,retained,history
source_2,0722/模拟研究代码/_debug_70_results.R,90_history/simulation/d2bc494652__debug_70_results.R,d2bc4946529f319cec489a7fb6d4435f78eea8d03f5e39839847a5daaf53d449,2195,utf-8,retained,history
source_2,0722/模拟研究代码/_debug_70_tv.R,90_history/simulation/c1dec075a4__debug_70_tv.R,c1dec075a4653632c33de301d488026cbd81e806ebdddfb5787bda2aee6af695,2961,utf-8,retained,history
source_2,0722/模拟研究代码/_grid_t0_Dt_4V.R,90_history/simulation/6a1ee5e17c__grid_t0_Dt_4V.R,6a1ee5e17c0ca0e19a494699ea505fbd270a9aa05c02e945981567659b804274,5473,utf-8,retained,history
source_2,0722/模拟研究代码/_search_lme_form_4V.R,90_history/simulation/6fa7d56580__search_lme_form_4V.R,6fa7d5658088fea58f3201fcb2d586d9d3d16ca4da1a3842a17002439ec90d1c,5196,utf-8,retained,history
source_2,0722/模拟研究代码/_search_var_subset_4V.R,90_history/simulation/e57659195f__search_var_subset_4V.R,e57659195fcc093f0aac05b44cbb3944879c152f2dd7f4762f8eba206b2e232e,4904,utf-8,retained,history
source_2,0722/模拟研究代码/_verify_70_fix.R,90_history/simulation/01d5b8154c__verify_70_fix.R,01d5b8154c203a866bd205da2e4e634b5b34ed664393198a770d058a88234d16,1003,utf-8,retained,history
source_2,0722/模拟研究代码/_verify_teacher_window.R,90_history/simulation/7e19ced83b__verify_teacher_window.R,7e19ced83b05f703ef1b74b9ddcc5787e908069755ae506fb7a30647952ea9d1,1972,utf-8,retained,history
source_2,0722/模拟研究代码/_verify_tttt_4V.R,90_history/simulation/36ede6b3ca__verify_tttt_4V.R,36ede6b3ca17122f3fa1d03a1b160f25ef33cf395ea776113030b258da163797,913,utf-8,retained,history
source_2,0722/重新构筑代码/AI整合新代码/新COX.R,90_history/clinical/1d30f5f43b_新COX.R,1d30f5f43b4e243070d9485840eaf787fa87d25ae0115ac46ad026cd2499b269,9621,utf-8,retained,history
source_2,0722/重新构筑代码/AI整合新代码/新JM.R,90_history/clinical/6ae2508323_新JM.R,6ae2508323e1742805a1ed213befd968b0a668ff4cc27d87e1a631fe782f67d2,10101,utf-8,retained,history
source_2,0722/重新构筑代码/AI整合新代码/新RSF.R,90_history/clinical/b35b92b92a_新RSF.R,b35b92b92a2a3bf0ad164da760227ff0e2e083bc48a4f156dee460dd38cf94d5,9572,utf-8,retained,history
source_2,0722/重新构筑代码/AI整合新代码/新RSF_LC.R,90_history/clinical/07236792a5_新RSF_LC.R,07236792a5aff99c95735f60a15093a64858948f1c7ac5f268e70af2fd5fe358,8007,utf-8,retained,history
source_2,0722/重新构筑代码/原始代码/5_Jointmodel_C1.R,01_simulation/04_models/jm/5_Jointmodel_C1.R,8439d13a5a72be7d13bf9de00adc7be1b04498efb23892ce939e225b3d80e2a4,58861,utf-8,exact_duplicate,research_path
source_2,0722/重新构筑代码/原始代码/5折交叉验证COX.R,90_history/clinical/e1233bcfa5_5折交叉验证COX.R,e1233bcfa5a060dfa1a009e4d7dea831097222259b4cd400b1b2b1b2da2fcfa4,12188,utf-8,exact_duplicate,history
source_2,0722/重新构筑代码/原始代码/5折交叉验证JM.R,90_history/clinical/1801bff5f8_5折交叉验证JM.R,1801bff5f8c066362bcad6e4d2f4ad30dcbc5f5c4bd91cbc473f8a06166e29b8,16361,utf-8,exact_duplicate,history
source_2,0722/重新构筑代码/原始代码/5折交叉验证RSF.R,90_history/clinical/6b3e8ad680_5折交叉验证RSF.R,6b3e8ad68049470cae8e52e828823c4a535e53cef665ea817ec447de05c45a32,13629,utf-8,exact_duplicate,history
source_2,0722/重新构筑代码/原始代码/5折交叉验证RSF_LC.R,90_history/clinical/ff6bae137a_5折交叉验证RSF_LC.R,ff6bae137a2a3f555952a33f726e1467caf8d75415926e8458aa78b1ccd58466,31518,utf-8,exact_duplicate,history
source_2,0722/重新构筑代码/原始代码/JMBayes-20260723.R,90_history/clinical/feae89a3ec_JMBayes-20260723.R,feae89a3ec927d13ed03594429e34220198ebd4ed049f3d734b3184269790788,3314,utf-8,exact_duplicate,history
source_2,0722/重新构筑代码/原始代码/JMbayes2.R,90_history/clinical/1020a19ba7_JMbayes2.R,1020a19ba7b384ac09ffeb41781f326906ed8f6b73f803528aea2cf8b2a9e42e,4724,utf-8,retained,history
source_2,0722/重新构筑代码/原始代码/JM尝试.R,90_history/clinical/7b5f3373c2_JM尝试.R,7b5f3373c21986cc3a2e242f95d9cd1f71b7d13016280489cb92b4d175f20ca8,5545,utf-8,retained,history
source_2,0830/CODEX/脚本/00_config.R,02_clinical/03_models/unified_pipeline/00_config.R,ff1597a422a4ad8a73fbbef995680770e6fe62e7bb435c1c5998e456f43c239b,9698,utf-8,retained,research_path
source_2,0830/CODEX/脚本/01_stage_inputs.R,02_clinical/03_models/unified_pipeline/01_stage_inputs.R,17b0764b632367f8ebc7514ff5dc9573dee2cff3a9ee3ee2b52341b3ecdec124,1847,utf-8,retained,research_path
source_2,0830/CODEX/脚本/02_prepare_data.R,02_clinical/03_models/unified_pipeline/02_prepare_data.R,1d2fdf9b69c3627be62a052b5e3b03f0ba12fae1d65475e86faff81eaf08bffd,8105,utf-8,retained,research_path
source_2,0830/CODEX/脚本/03_descriptive_tables_and_flow.R,02_clinical/03_models/unified_pipeline/03_descriptive_tables_and_flow.R,1829d508361d602440021e85e37a945880e2b70e33f15b6c0456bfc5869de564,9978,utf-8,retained,research_path
source_2,0830/CODEX/脚本/04_static_models.R,02_clinical/03_models/unified_pipeline/04_static_models.R,60af8c40a8c10804122ac81953a35e0b46f63da4c4a0edb0518fbe50df6f0b3a,7166,utf-8,retained,research_path
source_2,0830/CODEX/脚本/05_static_explain.R,02_clinical/03_models/unified_pipeline/05_static_explain.R,ad9c0abfd6cbe082551a91004e49974aeb0082eeda828c32b92f322a34349276,9989,utf-8,retained,research_path
source_2,0830/CODEX/脚本/06_rsflc_model.R,02_clinical/03_models/unified_pipeline/06_rsflc_model.R,db7740941e8ba0db91390fdb0be7e4de61bec5ea0f46fcde34f93c4a8942d1e0,11563,utf-8,retained,research_path
source_2,0830/CODEX/脚本/07a_rsf_fivefold_cv_optional.R,02_clinical/03_models/unified_pipeline/07a_rsf_fivefold_cv_optional.R,6b4793bc100438b09a220ba6ce6c9ddefcf6907c6233fdb2f83e51d4f928bfdf,2543,utf-8,retained,research_path
source_2,0830/CODEX/脚本/07b_rsflc_fivefold_cv_optional.R,02_clinical/03_models/unified_pipeline/07b_rsflc_fivefold_cv_optional.R,38fa053e1540ea9b4b42433e2f6eed48e59b37347c5901b77bc9afa72abe07ca,3655,utf-8,retained,research_path
source_2,0830/CODEX/脚本/08_joint_model.R,02_clinical/03_models/unified_pipeline/08_joint_model.R,a52a5c323fee6af5781c01886cf8625945fa91a3770273f9ab6d63e06eaefe52,11405,utf-8,retained,research_path
source_2,0830/CODEX/脚本/09_combine_results.R,02_clinical/03_models/unified_pipeline/09_combine_results.R,95953d83400a6be534c5ab77871b770ce50bfebc4d8a71ef75aee58d043ec20b,7922,utf-8,retained,research_path
source_2,0830/CODEX/脚本/10_build_docx.R,02_clinical/03_models/unified_pipeline/10_build_docx.R,189eec187b62fd5d4cb442921add0cdcf4acf00295780848cfdd2495804280ff,26706,utf-8,retained,research_path
source_2,0830/CODEX/脚本/99_run_all.R,02_clinical/03_models/unified_pipeline/99_run_all.R,ebbbf5d57f4a1da0c6172b4f4ae9355b43bc9bd127fd7b3d1e14923954c113c1,1108,utf-8,retained,research_path
source_2,0830/代码/0830_RSF_表5-3A_五折交叉验证调参.R,90_history/clinical/338b35d72b_0830_RSF_表5-3A_五折交叉验证调参.R,338b35d72b7ed7e73c3f43b3d761dc84fad81512df7fe1d2212d355ff8949b92,26688,utf-8,retained,history
source_2,0830/结果/RSF5_4A/COX_5_4A_corrected.R,02_clinical/04_evaluation/alternative_static_contract/COX_5_4A_corrected.R,ed61b04911acfbf0c9e79856a040ffe9ae3f5c241b40a93814b57cfd1db490aa,12120,utf-8,retained,research_path
source_2,0830/结果/RSF5_4A/RSF_5_4A_corrected.R,02_clinical/04_evaluation/alternative_static_contract/RSF_5_4A_corrected.R,1c2720f06f7b1633477165129fd8823c65487ac190beefbd2f168d8efc87933f,26920,utf-8,retained,research_path
source_2,0830/结果/RSF5_4A/run_COX_5_4A.R,02_clinical/04_evaluation/alternative_static_contract/run_COX_5_4A.R,7d2d7b7002c9611dcf00b2112b3d97a2e6e13c7200eae6b4be30cc7f1cf28c3f,244,utf-8,retained,research_path
source_2,0830/结果/RSF5_4A/unified_metric_contract.R,02_clinical/04_evaluation/alternative_static_contract/unified_metric_contract.R,e9536625d59471412c5fc30aefcc36de0b505959f141f5862cb17fcb2b44f8c3,1984,utf-8,retained,research_path
source_2,0830/结果/RSF5_4B/common_dynamic_metric_contract.R,02_clinical/04_evaluation/alternative_dynamic_contract/common_dynamic_metric_contract.R,63993215aa0f203388d7cb585e0468c9b4b20323c8c52f2084936b0ab311afd5,9740,utf-8,retained,research_path
source_2,0830/结果/RSF5_4B/JM_5_4B_corrected.R,02_clinical/04_evaluation/alternative_dynamic_contract/JM_5_4B_corrected.R,02fb854ec170ef899d18b4ad707d797832f06ba48a2a6b2a0f1ec09d2c5d6e44,9667,utf-8,retained,research_path
source_2,0830/结果/RSF5_4B/RSFLC_5_4B_corrected.R,02_clinical/04_evaluation/alternative_dynamic_contract/RSFLC_5_4B_corrected.R,c08d455107de20b5d8d6eee01cf5f5a4ed8abbfc8a12313cdef6604c031a038b,7196,utf-8,retained,research_path
source_2,0830/结果/RSF5_4B/rsflc_safe_predict.R,02_clinical/04_evaluation/alternative_dynamic_contract/rsflc_safe_predict.R,42f97d2f4cd1d4b7fc73d1d46aa8924831e2169b9e03c552224956e0eb04560d,5257,utf-8,retained,research_path
source_2,0830/结果/RSF5_4B/run_all_5_4B.R,02_clinical/04_evaluation/alternative_dynamic_contract/run_all_5_4B.R,bf7ffa9b8574c549ab088b304205edbe2ca1b349811cf55a1a445458a283d708,620,utf-8,retained,research_path
source_2,0830/结果/第五章完整重算_0831/代码/00_config.R,90_history/clinical/ccc0c2da03_00_config.R,ccc0c2da03b7fc39ec1977b4f255001453ed27f696623e4b88e343ac1c12d61c,7510,utf-8,retained,history
source_2,0830/结果/第五章完整重算_0831/代码/01_prepare_data.R,90_history/clinical/05ee60eb78_01_prepare_data.R,05ee60eb78f1ccc0480480d256730dcb5105ef445206bec43559d5a9cbf79078,4372,utf-8,retained,history
source_2,0830/结果/第五章完整重算_0831/代码/02b_static_explain.R,90_history/clinical/a5fde25b7d_02b_static_explain.R,a5fde25b7d8b95a44805abf67b596a29930f04f03ab1dea6b672738b2459ffeb,9273,utf-8,retained,history
source_2,0830/结果/第五章完整重算_0831/代码/02_static_models.R,90_history/clinical/d3a9aa1d19_02_static_models.R,d3a9aa1d19eee34d20f9cee49959cb15b95035ad176c1f673ac19a5468a412c2,13740,utf-8,retained,history
source_2,0830/结果/第五章完整重算_0831/代码/03b_rsflc_vimp.R,90_history/clinical/89259909f3_03b_rsflc_vimp.R,89259909f3a50054c0dcbd6877fb8f4d141773aed7692173a1d971611adbaa07,1000,utf-8,retained,history
source_2,0830/结果/第五章完整重算_0831/代码/03_rsflc_survival.R,90_history/clinical/9bf5e66764_03_rsflc_survival.R,9bf5e6676484f8e3683c98cbaa5e8ffaf52c98e836a46b57d245c0037a19bd1e,15788,utf-8,retained,history
source_2,0830/结果/第五章完整重算_0831/代码/04_jm_unified.R,90_history/clinical/3248800a3c_04_jm_unified.R,3248800a3cbc5ab4db46d4d52a1c7c1e1dc103ae893c5331b3525452ef840a47,10256,utf-8,retained,history
source_2,0830/结果/第五章完整重算_0831/代码/05_combine_results.R,90_history/clinical/ed5aec1df5_05_combine_results.R,ed5aec1df586a5922c64221e0aaa542612137673cc92ef0d0a7b19142706b9fd,3430,utf-8,retained,history
source_2,0830/结果/第五章完整重算_0831/代码/99_run_all.R,90_history/clinical/739d74427d_99_run_all.R,739d74427d9219adf6f39e9fbeeadc160b023008f39514e4d2b40b934172f38e,489,utf-8,retained,history
source_2,0830/结果/第五章完整重算_0831/代码/update_article.py,02_clinical/06_reporting/update_article.py,7c206eebbe1ab0db968fe42dbc148a24010540abed476b07df8ec0d1b616916b,20673,utf-8,exact_duplicate,research_path
source_2,0830/结果/第五章完整重算_0831/代码/verify_article.py,02_clinical/06_reporting/verify_article.py,9c8c785367bd39efcf32617a8d8a03fd163fd0c0ef854d68a34083233da628ab,1012,utf-8,exact_duplicate,research_path
source_2,0830/补充0831/代码/00_config.R,90_history/clinical/ccc0c2da03_00_config.R,ccc0c2da03b7fc39ec1977b4f255001453ed27f696623e4b88e343ac1c12d61c,7510,utf-8,exact_duplicate,history
source_2,0830/补充0831/代码/00_export_existing_missing.R,90_history/clinical/9f343b43a0_00_export_existing_missing.R,9f343b43a0348db95b8805e360a5ea5b6721b83e425eabf31ffe0b18a1352151,4594,utf-8,retained,history
source_2,0830/补充0831/代码/00_fix_utf8_manifests.py,90_history/clinical/6b02bd7cad_00_fix_utf8_manifests.py,6b02bd7cad4d79a364f518122a97a071ee27667bc6dad6a2d6b72d66d7e3a12f,6424,utf-8,retained,history
source_2,0830/补充0831/代码/01_prepare_data.R,90_history/clinical/05ee60eb78_01_prepare_data.R,05ee60eb78f1ccc0480480d256730dcb5105ef445206bec43559d5a9cbf79078,4372,utf-8,exact_duplicate,history
source_2,0830/补充0831/代码/01_static_fixed_5fold.R,90_history/clinical/565fdedf49_01_static_fixed_5fold.R,565fdedf49edaf28fd51dee856a30f9658f338690dc31109f870a37624581b0c,4519,utf-8,retained,history
source_2,0830/补充0831/代码/02b_static_explain.R,90_history/clinical/a5fde25b7d_02b_static_explain.R,a5fde25b7d8b95a44805abf67b596a29930f04f03ab1dea6b672738b2459ffeb,9273,utf-8,exact_duplicate,history
source_2,0830/补充0831/代码/02_dynamic_fixed_5fold_worker.R,90_history/clinical/201cdadc6d_02_dynamic_fixed_5fold_worker.R,201cdadc6d49e018a3c0c128e8944c077c88c922446a398670ca3b81cf1b07b4,4833,utf-8,retained,history
source_2,0830/补充0831/代码/02_static_models.R,90_history/clinical/d3a9aa1d19_02_static_models.R,d3a9aa1d19eee34d20f9cee49959cb15b95035ad176c1f673ac19a5468a412c2,13740,utf-8,exact_duplicate,history
source_2,0830/补充0831/代码/03b_rsflc_vimp.R,90_history/clinical/89259909f3_03b_rsflc_vimp.R,89259909f3a50054c0dcbd6877fb8f4d141773aed7692173a1d971611adbaa07,1000,utf-8,exact_duplicate,history
source_2,0830/补充0831/代码/03_combine_dynamic_fixed_5fold.R,90_history/clinical/f84c44c646_03_combine_dynamic_fixed_5fold.R,f84c44c646b75b2f1ddc6295802240312e81a2beb4ea5025bd3fe06eed638219,1987,utf-8,retained,history
source_2,0830/补充0831/代码/03_rsflc_survival.R,90_history/clinical/9bf5e66764_03_rsflc_survival.R,9bf5e6676484f8e3683c98cbaa5e8ffaf52c98e836a46b57d245c0037a19bd1e,15788,utf-8,exact_duplicate,history
source_2,0830/补充0831/代码/04_jm_unified.R,90_history/clinical/3248800a3c_04_jm_unified.R,3248800a3cbc5ab4db46d4d52a1c7c1e1dc103ae893c5331b3525452ef840a47,10256,utf-8,exact_duplicate,history
source_2,0830/补充0831/代码/05_combine_results.R,90_history/clinical/ed5aec1df5_05_combine_results.R,ed5aec1df586a5922c64221e0aaa542612137673cc92ef0d0a7b19142706b9fd,3430,utf-8,exact_duplicate,history
source_2,0830/补充0831/代码/99_run_all.R,90_history/clinical/739d74427d_99_run_all.R,739d74427d9219adf6f39e9fbeeadc160b023008f39514e4d2b40b934172f38e,489,utf-8,exact_duplicate,history
source_2,0830/补充0831/代码/run_all_supplement.ps1,90_history/clinical/5c091e1c73_run_all_supplement.ps1,5c091e1c73488a228572160d538edbad24eec8ffdfb93aee4b4b78e29bd6332a,3382,utf-8,retained,history
source_2,0830/补充0831/代码/update_article.py,02_clinical/06_reporting/update_article.py,7c206eebbe1ab0db968fe42dbc148a24010540abed476b07df8ec0d1b616916b,20673,utf-8,retained,research_path
source_2,0830/补充0831/代码/utf8_launcher.R,90_history/clinical/bcbb7809e2_utf8_launcher.R,bcbb7809e29cb791146555e5c55fc7da3796d0ff748a6ccbf85e1586711a7cc7,210,utf-8,retained,history
source_2,0830/补充0831/代码/verify_article.py,02_clinical/06_reporting/verify_article.py,9c8c785367bd39efcf32617a8d8a03fd163fd0c0ef854d68a34083233da628ab,1012,utf-8,retained,research_path
source_2,MIMIC数据库_代码/navicat/01_create_database.sql,02_clinical/01_sql/database_setup/01_create_database.sql,7f7901e388c0bd15b021717281d058ba097623b3660f1a18a77f81597f1c8856,248,utf-8,retained,research_path
source_2,MIMIC数据库_代码/navicat/02_create_schema_tables.sql,02_clinical/01_sql/database_setup/02_create_schema_tables.sql,a28bf35a7e7001ff98bfd864a5f5af27bba6afbfafbc6cba18d4936ee845ae5f,13555,utf-8,retained,research_path
source_2,MIMIC数据库_代码/navicat/03_load_data.sql,02_clinical/01_sql/database_setup/03_load_data.sql,5c3c9fd98da83ff128a9fe316ef00f19cd93d510a6d93222fb25f948e5120e7d,4111,utf-8,retained,research_path
source_2,MIMIC数据库_代码/navicat/03_load_data_已填路径.sql,90_history/clinical/b97ec986bb_03_load_data_已填路径.sql,b97ec986bbddd907afd04d358442e4c51f3193fbddd409a4c946ab17e845ce2b,4668,utf-8,retained,history
source_2,MIMIC数据库_代码/navicat/04_constraint.sql,02_clinical/01_sql/database_setup/04_constraint.sql,b35c97ca2ec70ba1c051335d7534311457c6693cc96419bc682d8db9685c5f1d,12201,utf-8,retained,research_path
source_2,MIMIC数据库_代码/navicat/05_index.sql,02_clinical/01_sql/database_setup/05_index.sql,d7c99b057aa09c58b6b49db5f794c7918b94c9f53850fa19cba4251c2055c4d5,5923,utf-8,retained,research_path
source_2,MIMIC数据库_代码/sql/build_data_0506.sql,02_clinical/01_sql/cohort_extraction/build_data_0506.sql,8297fe814d3adb5a1230bb1e7140e86b644b018ee75d4c43b139c1414c6969b2,35520,utf-8,retained,research_path
source_2,MIMIC数据库_代码/sql/stroke_extract_0520.sql,02_clinical/01_sql/cohort_extraction/stroke_extract_0520.sql,907c0ce8b3b88f9f2db04676be14a30fade7e560c1f36f673c579958458e13cd,11769,utf-8,retained,research_path
source_2,MIMIC数据库_代码/sql/stroke_patient_0520.sql,02_clinical/01_sql/cohort_extraction/stroke_patient_0520.sql,f219cd5540c7d80f2b20de480b7bb45e840622952a06f5a7ed9160b8cb03c957,5349,utf-8,retained,research_path
source_2,MIMIC数据库_代码/TREA代码/0428实例数据分析.R,90_history/clinical/12c9c84d2a_0428实例数据分析.R,12c9c84d2ae3822b816fd7ec0ee512dcc0303be31263a64e0407b188671c5724,15047,utf-8,retained,history
source_2,MIMIC数据库_代码/TREA代码/0308/create_all_data_stroke.sql,90_history/clinical/f35d05629f_create_all_data_stroke.sql,f35d05629f33d2fb97724908ec8975656ce19e217f8aa97ca1f595aaec9f1c1b,8467,utf-8,retained,history
source_2,MIMIC数据库_代码/TREA代码/0308/create_summary_labevent100.sql,90_history/clinical/d8df28ead1_create_summary_labevent100.sql,d8df28ead1a35f05fe469f4c41c50d8f3af070dcdd6eb290c05f3a26620e89ae,3236,utf-8,retained,history
source_2,MIMIC数据库_代码/TREA代码/0308/create_summary_stroke_lab100_value.sql,90_history/clinical/626f4e9938_create_summary_stroke_lab100_value.sql,626f4e9938780969d5d70486e98a92057a5d06f280fcd9adea2388a82a7c6ebd,3117,utf-8,retained,history
source_2,MIMIC数据库_代码/TREA代码/0308/create_summary_stroke_labevent100.sql,90_history/clinical/9d02b1d6c1_create_summary_stroke_labevent100.sql,9d02b1d6c108fd3dcbe13825eeda3b1f471019682c9edd61759f150a694379d9,4042,utf-8,retained,history
source_2,MIMIC数据库_代码/TREA代码/0308/create_top100_lab.ps1,90_history/clinical/e6e17e49d4_create_top100_lab.ps1,e6e17e49d480f4fc606ba73094fbe769602f293b81f773b73a9d91c14ee8a498,3104,utf-8,retained,history
source_2,MIMIC数据库_代码/TREA代码/0308/create_top100_lab.sql,01_simulation/05_evaluation/6_结果处理JM_1c.R,e3b0c44298fc1c149afbf4c8996fb92427ae41e4649b934ca495991b7852b855,0,utf-8,exact_duplicate,research_path
source_2,MIMIC数据库_代码/TREA代码/0308/数据提取代码.R,90_history/clinical/b46929204f_数据提取代码.R,b46929204f05f9f18868680b11ff2482f4535b4b6c4c712a3c0aa18aad995c91,3599,utf-8,retained,history
source_2,MIMIC数据库_代码/TREA代码/0309/merge_sheets.R,90_history/clinical/72b17c6348_merge_sheets.R,72b17c63483b9d873389a6b2faf562b31da6a8073ca28e265892a06c18d3aa1d,4196,utf-8,retained,history
source_2,MIMIC数据库_代码/TREA代码/0310/0310.R,90_history/clinical/32468797c6_0310.R,32468797c6f7ef0f2f21cecccf409f50e204b38679b4e25a9b3e90abd3f2dcce,7026,utf-8,retained,history
source_2,MIMIC数据库_代码/TREA代码/0311/0311.R,90_history/clinical/4ecaef8372_0311.R,4ecaef8372e9449d219e381fbafbe95b4da1583fe53390cd1e958640ed435b42,6248,utf-8,retained,history
source_2,MIMIC数据库_代码/TREA代码/0311/0311建模.R,90_history/clinical/5f4d63b69c_0311建模.R,5f4d63b69c024ca4c974abe2c81c62e5088e6d073c40219ca140ef5df9a2019a,11224,utf-8,retained,history
source_2,MIMIC数据库_代码/TREA代码/0312/0311_cursor.R,90_history/clinical/1850ffe85b_0311_cursor.R,1850ffe85b924c46df803c8786bcce32761aa62cb39fc301bf53734b6abad0ac,19315,utf-8,retained,history
source_2,MIMIC数据库_代码/TREA代码/0312/0311建模.R,90_history/clinical/4aea8c1ab9_0311建模.R,4aea8c1ab9072f46e66a482932053cf43b40ddb22ea7121ff528d19775129d49,8975,utf-8,retained,history
source_2,MIMIC数据库_代码/TREA代码/0312/0312.R,90_history/clinical/8a6fb9cabe_0312.R,8a6fb9cabe84623254b3497495781e5550e362d4f970d15b3284b710018656b8,25611,utf-8,retained,history
source_2,MIMIC数据库_代码/TREA代码/0312/0312_itemid_to_name.R,90_history/clinical/7052e4aedc_0312_itemid_to_name.R,7052e4aedc691d02bb0167ff409f91467165d294dce049e5a7cba725ecbae84e,3964,utf-8,retained,history
source_2,MIMIC数据库_代码/TREA代码/0312/0312_新数据.R,90_history/clinical/9d2ad172f5_0312_新数据.R,9d2ad172f5a9eebe3ca1c999270f69c43552366072ede7d4511777e549592790,7007,utf-8,retained,history
source_2,MIMIC数据库_代码/TREA代码/0312/dynforest_demo.R,90_history/clinical/b01a2be6e0_dynforest_demo.R,b01a2be6e00fbfce0da0c6a872528d3787973aad3021b922eeaf9822c133669c,1593,utf-8,retained,history
source_2,MIMIC数据库_代码/TREA代码/0312/dynforest_example.R,90_history/clinical/b2540d0c66_dynforest_example.R,b2540d0c66da3fa853b320e6934441a8bed403c5b321c7256deb3aefa8563a14,3060,utf-8,retained,history
source_2,MIMIC数据库_代码/TREA代码/0312/dynforest_simple_model.R,90_history/clinical/e71fc208d9_dynforest_simple_model.R,e71fc208d99bcef7dbf1a92015e54b7661ae02255076fd7872988c4c54ce09d3,2364,utf-8,retained,history
source_2,MIMIC数据库_代码/TREA代码/0312/prep_data_and_model.R,90_history/clinical/9706e9bf6c_prep_data_and_model.R,9706e9bf6c3c705cae0630929ee2c4f8ff6bcbe8c896cd3c0c2cfeb43ad69db5,13804,utf-8,retained,history
source_2,MIMIC数据库_代码/TREA代码/0313/0313.R,90_history/clinical/2fc733f3dd_0313.R,2fc733f3ddfd55c65acb186ca0360ea7efdf6ba4427aea7633f696812e484ab9,5363,utf-8,retained,history
source_2,MIMIC数据库_代码/TREA代码/0313/dynforest_script.R,90_history/clinical/f323dc1dd5_dynforest_script.R,f323dc1dd5919de070ae61e1ba0a7baab7e313748548923cc8a1f963b863b69f,4203,utf-8,retained,history
source_2,MIMIC数据库_代码/TREA代码/0313_白天/0313.R,90_history/clinical/43d4348b4b_0313.R,43d4348b4b2a7d3ac69e50d0b3dd28334154b5ab11230ac80d18b7801afb0f41,12175,utf-8,retained,history
source_2,MIMIC数据库_代码/TREA代码/0313_白天/0313_cursor.R,90_history/clinical/46e99ab789_0313_cursor.R,46e99ab78997f560f2f40a2bc1eef9c8d5bd47d97f495890a4a08d17b544ada5,4734,utf-8,retained,history
source_2,MIMIC数据库_代码/TREA代码/0313数据处理/0313数据处理.R,90_history/clinical/ca11367e78_0313数据处理.R,ca11367e78743773f1c870e46acf2e805ea024dc6840a3aac7bbbd93e15a52b3,2378,utf-8,retained,history
source_2,MIMIC数据库_代码/TREA代码/0313数据处理/check_subjectid_overlap.R,90_history/clinical/c7b1aa82f6_check_subjectid_overlap.R,c7b1aa82f66a49bfe1c8c59f18c5494c79ec2ad4403734522b0f477e231af18d,9742,utf-8,retained,history
source_2,MIMIC数据库_代码/TREA代码/0314/0314_JM建模.R,90_history/clinical/7f9680be2e_0314_JM建模.R,7f9680be2e20685053b4949f8368752474ef9915d9a2364cc319295c43a011b8,11437,utf-8,retained,history
source_2,MIMIC数据库_代码/TREA代码/0314/0314_RSFLC建模.R,90_history/clinical/27b2cee2fd_0314_RSFLC建模.R,27b2cee2fd17f010a118770c4754475c77e9bf4679b976e5c001c4df8151253a,7295,utf-8,retained,history
source_2,MIMIC数据库_代码/TREA代码/0314/0314_RSF建模.R,90_history/clinical/02276bb5ac_0314_RSF建模.R,02276bb5acf6da9b6b920c0507f807b16ccecbc270c08a5a2da9a3d5bb2f3aed,29048,utf-8,retained,history
source_2,MIMIC数据库_代码/TREA代码/0314/0314_summary_wide_data.R,90_history/clinical/f40732d835_0314_summary_wide_data.R,f40732d8353b0831959973938e9fa3b0ab0b9ceacf925c3803cb18b48ebee331,33385,utf-8,retained,history
source_2,MIMIC数据库_代码/TREA代码/0314/0314模型构建.R,90_history/clinical/02ff55366e_0314模型构建.R,02ff55366ecb2e3d0841ffbe6743d425f0cadbd451aee1c4597dee29beedb0d6,52920,utf-8,retained,history
source_2,MIMIC数据库_代码/TREA代码/0314/5_Jointmodel_C1.R,01_simulation/04_models/jm/5_Jointmodel_C1.R,8439d13a5a72be7d13bf9de00adc7be1b04498efb23892ce939e225b3d80e2a4,58861,utf-8,exact_duplicate,research_path
source_2,MIMIC数据库_代码/TREA代码/0314/5_RSF_LC模型_V10C3.R,01_simulation/04_models/rsflc/5_RSF_LC模型_V10C3.R,b30702c31c6f7bc77ce699ddc3c39c053c9560c728291afd6fcdc2524b694131,82055,utf-8,exact_duplicate,research_path
source_2,MIMIC数据库_代码/TREA代码/0314/5_RSF模型_10VC1.R,01_simulation/04_models/rsf/5_RSF模型_10VC1.R,c2e5f03de15e35918e0fb27cffb3f8cc7f0b34e5a0a7a9008f0deb363a98682d,76616,utf-8,exact_duplicate,research_path
source_2,MIMIC数据库_代码/TREA代码/0314/RSF模型_核心代码_提取.R,90_history/clinical/aa5dd7f18c_RSF模型_核心代码_提取.R,aa5dd7f18ccb4f40c6cc62f70387b26cb14dfc3a6611d05bb1bdb8d6b7f14d73,4439,utf-8,retained,history
source_2,MIMIC数据库_代码/TREA代码/0314/生存时间描述统计.R,90_history/clinical/4954444708_生存时间描述统计.R,49544447087d7a0437e345f5b777ef3287bb0ae90a60ebf79dea4c439a3c5dd7,1774,utf-8,retained,history
source_2,MIMIC数据库_代码/TREA代码/0315/0314_COX建模.R,90_history/clinical/59606b0dc7_0314_COX建模.R,59606b0dc731c6b25a82528311df4524fbd6c0a0686fbaa2270697a4753209c8,22102,utf-8,retained,history
source_2,MIMIC数据库_代码/TREA代码/0315/0314_JM建模.R,90_history/clinical/1b24bf16e5_0314_JM建模.R,1b24bf16e5b368827f7293a7a7f8397eada9f32b80691015ce3320f3eb2c117a,59222,utf-8,retained,history
source_2,MIMIC数据库_代码/TREA代码/0315/0314_RSFLC建模.R,90_history/clinical/03acfcdacb_0314_RSFLC建模.R,03acfcdacb7d1f0aacdf34675bd364263262a6425a601348759819cd5bff9d85,29962,utf-8,retained,history
source_2,MIMIC数据库_代码/TREA代码/0315/0314_RSF建模.R,90_history/clinical/bd6d26082c_0314_RSF建模.R,bd6d26082c290954f33d8cd2cb2151149c36e2f1e5bc2469a2b881ec18946f0c,40148,utf-8,retained,history
source_2,MIMIC数据库_代码/TREA代码/0315/0314_summary_wide_data.R,90_history/clinical/0b459caec8_0314_summary_wide_data.R,0b459caec8e76142b992d8df36ef7473e22750f1b6758f7ef6de74a61a1f41eb,33584,utf-8,retained,history
source_2,MIMIC数据库_代码/TREA代码/0315/RSF模型_核心代码_提取.R,90_history/clinical/aa5dd7f18c_RSF模型_核心代码_提取.R,aa5dd7f18ccb4f40c6cc62f70387b26cb14dfc3a6611d05bb1bdb8d6b7f14d73,4439,utf-8,exact_duplicate,history
source_2,MIMIC数据库_代码/TREA代码/0319_补充实例结果/impute_0318_filter2_to_0319PRO.py,90_history/clinical/3f421bbeec_impute_0318_filter2_to_0319PRO.py,3f421bbeec9274edcf08940105c90be97b2c38b33dde84db90e85bbc0bdfd806,4872,utf-8,retained,history
source_2,MIMIC数据库_代码/TREA代码/0319_补充实例结果/impute_0319_inputdata.py,90_history/clinical/2d80e5970f_impute_0319_inputdata.py,2d80e5970f3859d32cb74d9ff2585851fead2cb1afa3eaa6ff9e86789d134c1a,5525,utf-8,retained,history
source_2,MIMIC数据库_代码/TREA代码/0319_补充实例结果/model_4models_0319.py,90_history/clinical/0e8f22e35e_model_4models_0319.py,0e8f22e35e75d729e3a89ae4100076efc3b7cb71a467e42a7ed3062d3e2d70f7,13571,utf-8,retained,history
source_2,MIMIC数据库_代码/TREA代码/0319全局建模/run_4models_global.R,90_history/clinical/fca16ed12e_run_4models_global.R,fca16ed12ecd146c4005a2a43894a87c6bfd2cb0b715347074ff6e51a85224b8,18056,utf-8,retained,history
source_2,MIMIC数据库_代码/TREA代码/0319全局建模/run_4models_global_strict.R,90_history/clinical/ec11179ed9_run_4models_global_strict.R,ec11179ed9fd5c5f805de732c3348d4e589c972beb5aa31e863f77b3cb5633fa,19815,utf-8,retained,history
source_2,MIMIC数据库_代码/TREA代码/0319全局建模/生存时间描述统计.R,90_history/clinical/434f777d4b_生存时间描述统计.R,434f777d4b0ec379b6dce8706e750917e42b3b8a80ba41d2ea4c6e27f8fc15f6,2633,utf-8,retained,history
source_2,MIMIC数据库_代码/TREA代码/0319尝试最优模型/4模型尝试.R,90_history/clinical/adfca31465_4模型尝试.R,adfca31465b9a47dad6f3c826951348f8902359a3f8c1ea534a03aa5c3721c37,11595,utf-8,retained,history
source_2,MIMIC数据库_代码/TREA代码/0319尝试最优模型/modeling_RSFLC_10V.R,90_history/clinical/57ded822f1_modeling_RSFLC_10V.R,57ded822f1660d0cb40270793df4bcd060f1a09ff2559884381d607094cec592,10663,utf-8,retained,history
source_2,MIMIC数据库_代码/TREA代码/0319尝试最优模型/modeling_RSFLC_4V.r,90_history/clinical/b379a3bf8b_modeling_RSFLC_4V.r,b379a3bf8b2cd8329f60594c6a1be0b88edb923688b165638381e6020ded2ed7,10674,utf-8,retained,history
source_2,MIMIC数据库_代码/TREA代码/0319尝试最优模型/modeling_RSFLC_t0.R,90_history/clinical/de5eaf603c_modeling_RSFLC_t0.R,de5eaf603ca04e940dd92b0758c8d5b4afed82acb006db8d050c847a6b9fa0d6,18723,utf-8,retained,history
source_2,MIMIC数据库_代码/TREA代码/0319尝试最优模型/modeling_RSF_4V_t0.R,90_history/clinical/f08b49afe4_modeling_RSF_4V_t0.R,f08b49afe40d6dc95723311c3e1fc4be00184a1aa8cf42f36ee76a48a370bea0,20201,utf-8,retained,history
source_2,MIMIC数据库_代码/TREA代码/0319部分变量建模/0314_COX建模.R,90_history/clinical/59606b0dc7_0314_COX建模.R,59606b0dc731c6b25a82528311df4524fbd6c0a0686fbaa2270697a4753209c8,22102,utf-8,exact_duplicate,history
source_2,MIMIC数据库_代码/TREA代码/0319部分变量建模/0314_JM建模.R,90_history/clinical/1b24bf16e5_0314_JM建模.R,1b24bf16e5b368827f7293a7a7f8397eada9f32b80691015ce3320f3eb2c117a,59222,utf-8,exact_duplicate,history
source_2,MIMIC数据库_代码/TREA代码/0319部分变量建模/0314_RSFLC建模.R,90_history/clinical/03acfcdacb_0314_RSFLC建模.R,03acfcdacb7d1f0aacdf34675bd364263262a6425a601348759819cd5bff9d85,29962,utf-8,exact_duplicate,history
source_2,MIMIC数据库_代码/TREA代码/0319部分变量建模/0314_RSF建模.R,90_history/clinical/bd6d26082c_0314_RSF建模.R,bd6d26082c290954f33d8cd2cb2151149c36e2f1e5bc2469a2b881ec18946f0c,40148,utf-8,exact_duplicate,history
source_2,MIMIC数据库_代码/TREA代码/0319部分变量建模/0319_cox建模_1.r,90_history/clinical/130a0e9f27_0319_cox建模_1.r,130a0e9f27c9a1e85c8cda75d4371c22a32d83d2e711f74be386eeab9294b463,16047,utf-8,retained,history
source_2,MIMIC数据库_代码/TREA代码/0319部分变量建模/0319_JM建模_1.r,90_history/clinical/fb7275d070_0319_JM建模_1.r,fb7275d070c3a267add2dbcc8439d8402d395a5f0a4d333e2729d127fe784b17,17106,utf-8,retained,history
source_2,MIMIC数据库_代码/TREA代码/0319部分变量建模/0319_RSFLC建模_1.r,90_history/clinical/add681d364_0319_RSFLC建模_1.r,add681d36480218152f14870cf0f94166fdf8412a4f4fcaea93357066696e78a,14118,utf-8,retained,history
source_2,MIMIC数据库_代码/TREA代码/0319部分变量建模/0319_RSF建模_1.r,90_history/clinical/8603d5a48d_0319_RSF建模_1.r,8603d5a48deb7d6605607b03510553b74b40b25d163132e1b19616731b72eb60,16402,utf-8,retained,history
source_2,MIMIC数据库_代码/TREA代码/0323实例比较/0323_COX.R,90_history/clinical/a658f125a4_0323_COX.R,a658f125a47ee6211a5dab7b439bca8b1f3d4d15834cfc8e8abd127946fdb3c0,13749,utf-8,retained,history
source_2,MIMIC数据库_代码/TREA代码/0323实例比较/0323_JM.R,90_history/clinical/ebaf5df602_0323_JM.R,ebaf5df60211a0f92c25370d1614e7727ecf5928053e1a754c2107ac31dd4980,15570,utf-8,retained,history
source_2,MIMIC数据库_代码/TREA代码/0323实例比较/0323_RSF.R,90_history/clinical/ff3bdec13e_0323_RSF.R,ff3bdec13e45409986f5914b10747ee2ec5b5318c0019bdf94d768423c5336cf,21553,utf-8,retained,history
source_2,MIMIC数据库_代码/TREA代码/0323实例比较/0323_RSFLC.R,90_history/clinical/b8f1f7aae8_0323_RSFLC.R,b8f1f7aae8ddde70ae94a9020b7546895fc001c01c07b2f2293df5728622ec20,16518,utf-8,retained,history
source_2,MIMIC数据库_代码/TREA代码/0323实例比较/0325可视化结果.R,90_history/clinical/183e7107f5_0325可视化结果.R,183e7107f56ffb8ac8f2d536f762a3b82b7c07c193c696e42933db815eba85ad,5834,utf-8,retained,history
source_2,MIMIC数据库_代码/TREA代码/0323实例比较/5折代码.R,90_history/clinical/6a5c7bfc2c_5折代码.R,6a5c7bfc2caa9863f5641e4480eae92bd0fce9f4d8494a04fc90f2c88f2fa368,4613,utf-8,retained,history
source_2,MIMIC数据库_代码/TREA代码/0331作图保存/0325可视化结果.R,90_history/clinical/8145d84f9a_0325可视化结果.R,8145d84f9a22653ef4eaf85a36bda0c92ce46707c218a4d2db0ac2358754c779,7078,utf-8,retained,history
source_2,MIMIC数据库_代码/TREA代码/0331作图保存/0331_bootstrap_RSF_vs_RSF_LC.R,90_history/clinical/5e759d8d3c_0331_bootstrap_RSF_vs_RSF_LC.R,5e759d8d3c68876c64e4646f882a425e8d0ce403c85b75b4c93b47e4281f35e1,5155,utf-8,retained,history
source_2,MIMIC数据库_代码/TREA代码/0331作图保存/0331_friedman_模型区分度.R,90_history/clinical/c29b3f9edd_0331_friedman_模型区分度.R,c29b3f9edd2352c2f34c7028bf53039559a8575da950afc277eed68490eacd7a,6564,utf-8,retained,history
source_2,MIMIC数据库_代码/TREA代码/0331作图保存/bootstrap_models.R,90_history/clinical/273201c01e_bootstrap_models.R,273201c01ecb98461689f36df03c46ce69ebe21e99fef0beee5a5b676df4f3a4,6275,utf-8,retained,history
source_2,MIMIC数据库_代码/TREA代码/0331作图保存/build_result_Friedman_wilcoxon_boostrap.py,90_history/clinical/846f6719cb_build_result_Friedman_wilcoxon_boostrap.py,846f6719cb793b2ed055f3c35bac7b23e85248a9f7dd50ed21c9f1ac471a267f,3145,utf-8,retained,history
source_2,MIMIC数据库_代码/TREA代码/0402SHAP作图/SHAP.R,90_history/clinical/1bd02ec671_SHAP.R,1bd02ec6712d9b5106b0cbea4b6dcac33bfbf0908d78c8a396786179ecc31301,20663,utf-8,retained,history
source_2,MIMIC数据库_代码/TREA代码/0402SHAP作图/_rsflc_jm_append.R,90_history/clinical/5dc915a381__rsflc_jm_append.R,5dc915a381a1ada39ce13185992477c7c3720af2cea4be32c750d804436d99c1,17704,utf-8,retained,history
source_2,MIMIC数据库_代码/TREA代码/0404新设计/0404_DATA_嵌套分折实现.R,90_history/clinical/2df3eee386_0404_DATA_嵌套分折实现.R,2df3eee3861f16e414ad1fa68fa7ad9261635c0b80d6a5b7521648bcf25a7426,5384,utf-8,retained,history
source_2,MIMIC数据库_代码/TREA代码/0404新设计/0404_RSF.R,90_history/clinical/befa3d73c4_0404_RSF.R,befa3d73c4e737d66e04994504f86d7682454a0a8643f9f0b9776bc1b5c23a65,26062,utf-8,retained,history
source_2,MIMIC数据库_代码/TREA代码/0404新设计/0404测试RSF.R,90_history/clinical/3035c479d7_0404测试RSF.R,3035c479d77a38bfa23b8bf10da1f68e6e92a7d7973ecece67519b0f8da7e1e6,7063,utf-8,retained,history
source_2,MIMIC数据库_代码/TREA代码/0404新设计/0407RSFLC.R,90_history/clinical/e54ef99757_0407RSFLC.R,e54ef9975771e8f2fca47b0b588e0c6d1c3d4a6f1bf8e8294402420872b2485f,40069,utf-8,retained,history
source_2,MIMIC数据库_代码/TREA代码/0404新设计/DATA分折.R,90_history/clinical/cf8f3f6a5d_DATA分折.R,cf8f3f6a5d61ba162c88e6242e9457924dd3ea16601e68f24d468390187bcfa4,2776,utf-8,retained,history
source_2,MIMIC数据库_代码/TREA代码/0404新设计/DATA/DATA.R,90_history/clinical/7ac324d134_DATA.R,7ac324d1342a23e2282216c60ca08c88809815e6e968e3be7e1f72c19eba1517,4097,utf-8,retained,history
source_2,代码/4_模拟数据1_数据生成.R,01_simulation/02_generation/training/10v_3c/4_模拟数据1_数据生成.R,823f9d51501db405cf0e29b50a8b4c9324f8c113b9f3f545dc481becb976999e,39502,utf-8,exact_duplicate,research_path
source_2,代码/4_模拟数据1_数据生成_V10C1.R,01_simulation/02_generation/training/10v_1c/4_模拟数据1_数据生成_V10C1.R,99e305e351bba14e5f76bcb284af32910015792833f3b504ecd2744ad324295f,30801,utf-8,exact_duplicate,research_path
source_2,代码/4_模拟数据1_数据生成_V4.R,01_simulation/02_generation/training/4v_1c/4_模拟数据1_数据生成_V4.R,9d44d599a2ed200310bed44970713e5a9f3b913466e4cf710611e532d2e15959,20714,utf-8,exact_duplicate,research_path
source_2,代码/4_模拟数据2_生存数据.R,90_history/simulation/478fb08b60_4_模拟数据2_生存数据.R,478fb08b608d8c7d3e7604e2efcc14f9988fea84360691e71bed077ee91766c6,97493,utf-8,retained,history
source_2,代码/4_模拟数据2_生存数据_V10C1.R,90_history/simulation/b7130084be_4_模拟数据2_生存数据_V10C1.R,b7130084beca442d1c22cdb66b9afbe32c53a19af7117d9a14467df828ef355a,137160,utf-8,retained,history
source_2,代码/4_模拟数据2_生存数据_V4.R,90_history/simulation/6ac92c6127_4_模拟数据2_生存数据_V4.R,6ac92c6127c6ea7c99ade6c87e93ed49d2375bf6baa2e0c8557117a121387930,47873,utf-8,retained,history
source_2,代码/4_模拟数据3_生成Y.R,01_simulation/02_generation/training/10v_3c/4_模拟数据3_生成Y.R,86c4efbaada3365394d31e6dbe51cd34f00166c4847a55e4c5b437ef72f78952,74263,utf-8,exact_duplicate,research_path
source_2,代码/4_模拟数据3_生成Y_V10C1.R,01_simulation/02_generation/training/10v_1c/4_模拟数据3_生成Y_V10C1.R,4cd39d105459959e8b3e5e01d82090c153d7eebe66a661fb667075168f52c361,117269,utf-8,exact_duplicate,research_path
source_2,代码/4_模拟数据3_生成Y_V4.R,01_simulation/02_generation/training/4v_1c/4_模拟数据3_生成Y_V4.R,195365522783bad608a66de91d6cb28749f557d9b7718ab2f567ec6405ad4a5c,81025,utf-8,exact_duplicate,research_path
source_2,代码/4_转换单一时间点数据.R,90_history/simulation/b0ce037adf_4_转换单一时间点数据.R,b0ce037adf53d3bf3af8b04928ebffa89567f485a38491c168e8c8e6d9cdcdd7,53872,utf-8,retained,history
source_2,代码/5_cox模型.R,01_simulation/04_models/cox/5_cox模型.R,2e881acbfd2e01607698ef7979c6b091a54bb7ad8a781bd098109690418803fc,42349,utf-8,exact_duplicate,research_path
source_2,代码/5_cox模型_10VC1.R,01_simulation/04_models/cox/5_cox模型_10VC1.R,dea857d862d98ba224dc754e9d38d38929c444321c5d64d033d1e79824e5dd79,74973,utf-8,exact_duplicate,research_path
source_2,代码/5_cox模型_4V.R,01_simulation/04_models/cox/5_cox模型_4V.R,446de73a664f6dd7395f390a8840753bcc8dd688a17c22857fec350d43467047,40302,utf-8,exact_duplicate,research_path
source_2,代码/5_Jointmodel_4VC1.R,01_simulation/04_models/jm/5_Jointmodel_4VC1.R,daca904f0f84f59fd6e0c68a303bb4c8acc771a8ca2397bbecbd0071d54485fa,47187,utf-8,exact_duplicate,research_path
source_2,代码/5_Jointmodel_C1.R,01_simulation/04_models/jm/5_Jointmodel_C1.R,8439d13a5a72be7d13bf9de00adc7be1b04498efb23892ce939e225b3d80e2a4,58861,utf-8,exact_duplicate,research_path
source_2,代码/5_Jointmodel_C3.R,01_simulation/04_models/jm/5_Jointmodel_C3.R,ebc066e95d2afee183fc4b5914f11eabf4c46436caf571e1356cf1a0335bdb11,64472,utf-8,retained,research_path
source_2,代码/5_Jointmodel模型实现.R,90_history/simulation/3404a5f8fb_5_Jointmodel模型实现.R,3404a5f8fb1ed523d83d5d15e0a5d481b38ed1ab0c0b147a70539b8c62e3cbf5,29029,utf-8,exact_duplicate,history
source_2,代码/5_RSF_LC模型_4V1C.R,01_simulation/04_models/rsflc/5_RSF_LC模型_4V1C.R,7522bc06fac400c3825b91ae4b6b03869a68bac6a3e7d553024a811946d20cef,47202,utf-8,exact_duplicate,research_path
source_2,代码/5_RSF_LC模型_V10C1.R,01_simulation/04_models/rsflc/5_RSF_LC模型_V10C1.R,b82c65b883d9eba3028c0db886b88b0a4b70b1b4d135525226b251f2747551d5,80633,utf-8,exact_duplicate,research_path
source_2,代码/5_RSF_LC模型_V10C3.R,01_simulation/04_models/rsflc/5_RSF_LC模型_V10C3.R,b30702c31c6f7bc77ce699ddc3c39c053c9560c728291afd6fcdc2524b694131,82055,utf-8,exact_duplicate,research_path
source_2,代码/5_RSF_LC模型_尝试.R,90_history/simulation/450c8d6cf6_5_RSF_LC模型_尝试.R,450c8d6cf618fde550bcb70c02270c58ed4004048e6455602e39c9561d220a76,21659,utf-8,exact_duplicate,history
source_2,代码/5_RSF模型_10VC1.R,01_simulation/04_models/rsf/5_RSF模型_10VC1.R,c2e5f03de15e35918e0fb27cffb3f8cc7f0b34e5a0a7a9008f0deb363a98682d,76616,utf-8,exact_duplicate,research_path
source_2,代码/5_RSF模型_4V1C.R,01_simulation/04_models/rsf/5_RSF模型_4V1C.R,37b9efbf86e5c324e8d1ee533ec6421337b4c9c6156ff8ec00b603d2dceed724,41395,utf-8,exact_duplicate,research_path
source_2,代码/5_单一时间点_COX.R,90_history/simulation/4eb9bd9808_5_单一时间点_COX.R,4eb9bd98086f3394ab777332321e12d813658e77d63a2b126b07f5599de15fbe,47899,utf-8,exact_duplicate,history
source_2,代码/6_code.R,01_simulation/05_evaluation/6_code.R,0c0bf0ac9b6b9742f8457fb3722e24de80bc66578f6490e2d3fba9bf0feef6d9,77483,utf-8,exact_duplicate,research_path
source_2,代码/6_结果处理JM_1c.R,01_simulation/05_evaluation/6_结果处理JM_1c.R,e3b0c44298fc1c149afbf4c8996fb92427ae41e4649b934ca495991b7852b855,0,utf-8,exact_duplicate,research_path
source_2,代码/6_结果处理_ALL.R,01_simulation/05_evaluation/6_结果处理_ALL.R,c9020b9866f3feaf4c1d9f6475f0963a5248de1a8bcfae9f311f948792be5574,1690,utf-8,exact_duplicate,research_path
source_2,代码/6_结果处理_COX_10V1C.R,01_simulation/05_evaluation/6_结果处理_COX_10V1C.R,f4d5b9c3388047a6a36fe64a0e8dd421ff745f678da11296ecd1ac6bdbedcfa6,41138,utf-8,exact_duplicate,research_path
source_2,代码/6_结果处理_COX_10V3C.R,01_simulation/05_evaluation/6_结果处理_COX_10V3C.R,f79140023906c0707ce2910dd0b08c336981b75e0c2dfc8b458c8643fba0fd4c,41151,utf-8,exact_duplicate,research_path
source_2,代码/6_结果处理_COX_4V.R,01_simulation/05_evaluation/6_结果处理_COX_4V.R,9ddf6baa6187e3426b13535691ea3c02cd79a5077f58683dba1a2f185e2a5364,20809,utf-8,exact_duplicate,research_path
source_2,代码/6_结果处理_JM_1c.R,01_simulation/05_evaluation/6_结果处理_JM_1c.R,3e74636d4d07482531978d4f2ccb25dd12d58729ff12242702b74d24c711e524,41517,utf-8,exact_duplicate,research_path
source_2,代码/6_结果处理_JM_3c.R,01_simulation/05_evaluation/6_结果处理_JM_3c.R,eae7e3f82167d15c430bd8f3fa09c5a54986f67f438058cf70226af8a0e1b4fe,37995,utf-8,exact_duplicate,research_path
source_2,代码/6_结果处理_JM_4V.R,01_simulation/05_evaluation/6_结果处理_JM_4V.R,229ffeb2ad688f29f5d3d60684968f3dd2d0919440698ba8ef4d80ed3ead1e01,18639,utf-8,exact_duplicate,research_path
source_2,代码/6_结果处理_RSFLC_10V1c.R,01_simulation/05_evaluation/6_结果处理_RSFLC_10V1c.R,bb0983122bc6af7940fa140c78366bc2f6ce76e33870a6ce04acd631acc33030,41883,utf-8,exact_duplicate,research_path
source_2,代码/6_结果处理_RSFLC_4V.R,01_simulation/05_evaluation/6_结果处理_RSFLC_4V.R,c7665657fc89fbc74d158d765abc590ae84398346a5cc14cdc10a25c0203df91,21367,utf-8,exact_duplicate,research_path
source_2,代码/6_结果处理_RSF_1c.R,01_simulation/05_evaluation/6_结果处理_RSF_1c.R,bd371a1c84f8fa0323b1830d9c99eafc1d3cd1df1f8fd99e40a8207b88e31634,41639,utf-8,exact_duplicate,research_path
source_2,代码/6_结果处理_RSF_3c.R,01_simulation/05_evaluation/6_结果处理_RSF_3c.R,de0e688b55b1a77e063009f9afba2726df9031e4a085227181a0ecf1a56cc9a2,47295,utf-8,exact_duplicate,research_path
source_2,图片代码/图片代码/fig_ch4.py,01_simulation/06_figures/fig_ch4.py,e9004391ea7f01bcf6f7ec217919211d1f7e9034692b6e7dd95f9f0c80f774dd,2862,utf-8,retained,research_path
source_2,图片代码/图片代码/fig_ch5.py,02_clinical/06_reporting/fig_ch5.py,91097fa8f4405f2c24599430653d25d55b58037abb81a38d7c78b4ef0625fb01,2734,utf-8,retained,research_path
source_2,模拟数据_测试/代码/4_模拟数据1_数据生成.R,01_simulation/02_generation/training/10v_3c/4_模拟数据1_数据生成.R,823f9d51501db405cf0e29b50a8b4c9324f8c113b9f3f545dc481becb976999e,39502,utf-8,exact_duplicate,research_path
source_2,模拟数据_测试/代码/4_模拟数据1_数据生成_V10C1.R,01_simulation/02_generation/training/10v_1c/4_模拟数据1_数据生成_V10C1.R,99e305e351bba14e5f76bcb284af32910015792833f3b504ecd2744ad324295f,30801,utf-8,exact_duplicate,research_path
source_2,模拟数据_测试/代码/4_模拟数据1_数据生成_V4.R,01_simulation/02_generation/training/4v_1c/4_模拟数据1_数据生成_V4.R,9d44d599a2ed200310bed44970713e5a9f3b913466e4cf710611e532d2e15959,20714,utf-8,exact_duplicate,research_path
source_2,模拟数据_测试/代码/4_模拟数据2_生存数据.R,90_history/simulation/478fb08b60_4_模拟数据2_生存数据.R,478fb08b608d8c7d3e7604e2efcc14f9988fea84360691e71bed077ee91766c6,97493,utf-8,exact_duplicate,history
source_2,模拟数据_测试/代码/4_模拟数据2_生存数据_V10C1.R,90_history/simulation/b7130084be_4_模拟数据2_生存数据_V10C1.R,b7130084beca442d1c22cdb66b9afbe32c53a19af7117d9a14467df828ef355a,137160,utf-8,exact_duplicate,history
source_2,模拟数据_测试/代码/4_模拟数据2_生存数据_V4.R,90_history/simulation/6ac92c6127_4_模拟数据2_生存数据_V4.R,6ac92c6127c6ea7c99ade6c87e93ed49d2375bf6baa2e0c8557117a121387930,47873,utf-8,exact_duplicate,history
source_2,模拟数据_测试/代码/4_模拟数据3_生成Y.R,01_simulation/02_generation/training/10v_3c/4_模拟数据3_生成Y.R,86c4efbaada3365394d31e6dbe51cd34f00166c4847a55e4c5b437ef72f78952,74263,utf-8,exact_duplicate,research_path
source_2,模拟数据_测试/代码/4_模拟数据3_生成Y_V10C1.R,01_simulation/02_generation/training/10v_1c/4_模拟数据3_生成Y_V10C1.R,4cd39d105459959e8b3e5e01d82090c153d7eebe66a661fb667075168f52c361,117269,utf-8,exact_duplicate,research_path
source_2,模拟数据_测试/代码/4_模拟数据3_生成Y_V4.R,01_simulation/02_generation/training/4v_1c/4_模拟数据3_生成Y_V4.R,195365522783bad608a66de91d6cb28749f557d9b7718ab2f567ec6405ad4a5c,81025,utf-8,exact_duplicate,research_path
source_2,模拟数据_测试/代码/4_转换单一时间点数据.R,90_history/simulation/b0ce037adf_4_转换单一时间点数据.R,b0ce037adf53d3bf3af8b04928ebffa89567f485a38491c168e8c8e6d9cdcdd7,53872,utf-8,exact_duplicate,history
source_2,模拟数据_测试/代码/5_cox模型.R,01_simulation/04_models/cox/5_cox模型.R,2e881acbfd2e01607698ef7979c6b091a54bb7ad8a781bd098109690418803fc,42349,utf-8,exact_duplicate,research_path
source_2,模拟数据_测试/代码/5_cox模型_10VC1.R,01_simulation/04_models/cox/5_cox模型_10VC1.R,dea857d862d98ba224dc754e9d38d38929c444321c5d64d033d1e79824e5dd79,74973,utf-8,exact_duplicate,research_path
source_2,模拟数据_测试/代码/5_cox模型_4V.R,01_simulation/04_models/cox/5_cox模型_4V.R,446de73a664f6dd7395f390a8840753bcc8dd688a17c22857fec350d43467047,40302,utf-8,exact_duplicate,research_path
source_2,模拟数据_测试/代码/5_Jointmodel_4VC1.R,01_simulation/04_models/jm/5_Jointmodel_4VC1.R,daca904f0f84f59fd6e0c68a303bb4c8acc771a8ca2397bbecbd0071d54485fa,47187,utf-8,exact_duplicate,research_path
source_2,模拟数据_测试/代码/5_Jointmodel_C1.R,01_simulation/04_models/jm/5_Jointmodel_C1.R,8439d13a5a72be7d13bf9de00adc7be1b04498efb23892ce939e225b3d80e2a4,58861,utf-8,exact_duplicate,research_path
source_2,模拟数据_测试/代码/5_Jointmodel模型实现.R,90_history/simulation/3404a5f8fb_5_Jointmodel模型实现.R,3404a5f8fb1ed523d83d5d15e0a5d481b38ed1ab0c0b147a70539b8c62e3cbf5,29029,utf-8,exact_duplicate,history
source_2,模拟数据_测试/代码/5_RSF_LC模型_4V1C.R,01_simulation/04_models/rsflc/5_RSF_LC模型_4V1C.R,7522bc06fac400c3825b91ae4b6b03869a68bac6a3e7d553024a811946d20cef,47202,utf-8,exact_duplicate,research_path
source_2,模拟数据_测试/代码/5_RSF_LC模型_V10C1.R,01_simulation/04_models/rsflc/5_RSF_LC模型_V10C1.R,b82c65b883d9eba3028c0db886b88b0a4b70b1b4d135525226b251f2747551d5,80633,utf-8,exact_duplicate,research_path
source_2,模拟数据_测试/代码/5_RSF_LC模型_V10C3.R,01_simulation/04_models/rsflc/5_RSF_LC模型_V10C3.R,b30702c31c6f7bc77ce699ddc3c39c053c9560c728291afd6fcdc2524b694131,82055,utf-8,exact_duplicate,research_path
source_2,模拟数据_测试/代码/5_RSF_LC模型_尝试.R,90_history/simulation/450c8d6cf6_5_RSF_LC模型_尝试.R,450c8d6cf618fde550bcb70c02270c58ed4004048e6455602e39c9561d220a76,21659,utf-8,exact_duplicate,history
source_2,模拟数据_测试/代码/5_RSF模型_10VC1.R,01_simulation/04_models/rsf/5_RSF模型_10VC1.R,c2e5f03de15e35918e0fb27cffb3f8cc7f0b34e5a0a7a9008f0deb363a98682d,76616,utf-8,exact_duplicate,research_path
source_2,模拟数据_测试/代码/5_RSF模型_4V1C.R,01_simulation/04_models/rsf/5_RSF模型_4V1C.R,37b9efbf86e5c324e8d1ee533ec6421337b4c9c6156ff8ec00b603d2dceed724,41395,utf-8,exact_duplicate,research_path
source_2,模拟数据_测试/代码/5_单一时间点_COX.R,90_history/simulation/4eb9bd9808_5_单一时间点_COX.R,4eb9bd98086f3394ab777332321e12d813658e77d63a2b126b07f5599de15fbe,47899,utf-8,exact_duplicate,history
source_2,模拟数据_测试/代码/6_code.R,01_simulation/05_evaluation/6_code.R,0c0bf0ac9b6b9742f8457fb3722e24de80bc66578f6490e2d3fba9bf0feef6d9,77483,utf-8,exact_duplicate,research_path
source_2,模拟数据_测试/代码/6_结果处理JM_1c.R,01_simulation/05_evaluation/6_结果处理JM_1c.R,e3b0c44298fc1c149afbf4c8996fb92427ae41e4649b934ca495991b7852b855,0,utf-8,exact_duplicate,research_path
source_2,模拟数据_测试/代码/6_结果处理_ALL.R,01_simulation/05_evaluation/6_结果处理_ALL.R,c9020b9866f3feaf4c1d9f6475f0963a5248de1a8bcfae9f311f948792be5574,1690,utf-8,exact_duplicate,research_path
source_2,模拟数据_测试/代码/6_结果处理_COX_10V1C.R,01_simulation/05_evaluation/6_结果处理_COX_10V1C.R,f4d5b9c3388047a6a36fe64a0e8dd421ff745f678da11296ecd1ac6bdbedcfa6,41138,utf-8,exact_duplicate,research_path
source_2,模拟数据_测试/代码/6_结果处理_COX_10V3C.R,01_simulation/05_evaluation/6_结果处理_COX_10V3C.R,f79140023906c0707ce2910dd0b08c336981b75e0c2dfc8b458c8643fba0fd4c,41151,utf-8,exact_duplicate,research_path
source_2,模拟数据_测试/代码/6_结果处理_COX_4V.R,01_simulation/05_evaluation/6_结果处理_COX_4V.R,9ddf6baa6187e3426b13535691ea3c02cd79a5077f58683dba1a2f185e2a5364,20809,utf-8,exact_duplicate,research_path
source_2,模拟数据_测试/代码/6_结果处理_JM_1c.R,01_simulation/05_evaluation/6_结果处理_JM_1c.R,3e74636d4d07482531978d4f2ccb25dd12d58729ff12242702b74d24c711e524,41517,utf-8,exact_duplicate,research_path
source_2,模拟数据_测试/代码/6_结果处理_JM_3c.R,01_simulation/05_evaluation/6_结果处理_JM_3c.R,eae7e3f82167d15c430bd8f3fa09c5a54986f67f438058cf70226af8a0e1b4fe,37995,utf-8,exact_duplicate,research_path
source_2,模拟数据_测试/代码/6_结果处理_JM_4V.R,01_simulation/05_evaluation/6_结果处理_JM_4V.R,229ffeb2ad688f29f5d3d60684968f3dd2d0919440698ba8ef4d80ed3ead1e01,18639,utf-8,exact_duplicate,research_path
source_2,模拟数据_测试/代码/6_结果处理_RSFLC_10V1c.R,01_simulation/05_evaluation/6_结果处理_RSFLC_10V1c.R,bb0983122bc6af7940fa140c78366bc2f6ce76e33870a6ce04acd631acc33030,41883,utf-8,exact_duplicate,research_path
source_2,模拟数据_测试/代码/6_结果处理_RSFLC_4V.R,01_simulation/05_evaluation/6_结果处理_RSFLC_4V.R,c7665657fc89fbc74d158d765abc590ae84398346a5cc14cdc10a25c0203df91,21367,utf-8,exact_duplicate,research_path
source_2,模拟数据_测试/代码/6_结果处理_RSF_1c.R,01_simulation/05_evaluation/6_结果处理_RSF_1c.R,bd371a1c84f8fa0323b1830d9c99eafc1d3cd1df1f8fd99e40a8207b88e31634,41639,utf-8,exact_duplicate,research_path
source_2,模拟数据_测试/代码/6_结果处理_RSF_3c.R,01_simulation/05_evaluation/6_结果处理_RSF_3c.R,de0e688b55b1a77e063009f9afba2726df9031e4a085227181a0ecf1a56cc9a2,47295,utf-8,exact_duplicate,research_path
source_2,模拟数据_测试/新代码/RSF_10V1C.R,01_simulation/05_evaluation/6_结果处理JM_1c.R,e3b0c44298fc1c149afbf4c8996fb92427ae41e4649b934ca495991b7852b855,0,utf-8,exact_duplicate,research_path
source_2,模拟数据_测试/新代码/RSF_10V3C.R,01_simulation/04_models/rsf/RSF_10V3C.R,80ea9b13ba6d141e856c312f39d388efaf8107d91812c5ca0113639dd160c4b4,4730,utf-8,retained,research_path
source_2,模拟数据_测试/新代码/RSF_4V.R,01_simulation/05_evaluation/6_结果处理JM_1c.R,e3b0c44298fc1c149afbf4c8996fb92427ae41e4649b934ca495991b7852b855,0,utf-8,exact_duplicate,research_path
source_2,结果/all_summary/expand_var_to_columns.py,01_simulation/05_evaluation/expand_var_to_columns.py,513e7b3eb13713c82c1d296d9c5c69f354faad9aa07073cc6714d77dc2880e5b,2446,utf-8,retained,research_path
source_2,结果/代码/0316数据整合.R,01_simulation/06_figures/代码/0316数据整合.R,ee6ea1a424a8937fab524e0fa442578f68aaa8f5f67243a95d9119bc67e5c794,2640,utf-8,retained,research_path
source_2,结果/代码/分类整合汇总.R,01_simulation/06_figures/代码/分类整合汇总.R,845a359e7080bbfdf669681969a584fa4a40f413d3e912df4527c26ff2f6efcf,4545,utf-8,retained,research_path
source_2,结果/代码/构建三维图.R,01_simulation/06_figures/代码/构建三维图.R,0ebcd367e643458b6cd94d3d811243e8fbfb9b7d475af90e2ff34ceda93cc4a3,17957,utf-8,retained,research_path
source_2,结果/创立表格代码/0317作图/分层比较作图.R,01_simulation/06_figures/0317作图/分层比较作图.R,c787a54112303f8fdc764c7ef7f67b49d196f17657d59cb6044007da41417713,9422,utf-8,retained,research_path
source_2,结果/创立表格代码/0317作图/总结变量作图.R,01_simulation/06_figures/0317作图/总结变量作图.R,39796827692bc9338b7f092668241d724092405d24cbe09fb285967ec5887ae8,6132,utf-8,retained,research_path
source_2,结果/创立表格代码/0317作图/按情景柱状图.R,01_simulation/06_figures/0317作图/按情景柱状图.R,dd3fb9a3722427839d0e8b05f41e0c4d2f45c2980fc792257235cc91b6eeea21,6914,utf-8,retained,research_path
source_2,结果1/测试.R,90_history/simulation/14504ab7d9_测试.R,14504ab7d93ea6edd71d89a9477b541c790ddf1ca23959d630095c5a07a62e49,5428,utf-8,retained,history
source_2,结果1/测试1.R,90_history/simulation/fcb5f40df9_测试1.R,fcb5f40df9be6bae66c1d77a6c15968866a9e6cbd7314ca432b019d17392f6f4,1,utf-8,retained,history
source_2,结果整理/代码/作图_主程序.R,01_simulation/06_figures/代码/作图_主程序.R,848df3d606130f5c0f2126b5e192c5f3ef5aea7c45ce29d60f0884c76daefe36,900,utf-8,retained,research_path
source_2,结果整理/代码/作图_数据预处理.R,01_simulation/06_figures/代码/作图_数据预处理.R,b5b915af8332c00b9ecc8c05078f503960d30ba1452038ca19152d4744d07efc,22349,utf-8,retained,research_path
source_2,结果整理/代码/数据整理.R,01_simulation/06_figures/代码/数据整理.R,8358b20e5909f950c26afbf0d9555987f2de56996df078d31ab17d42fb63b6d0,9556,utf-8,retained,research_path
source_2,结果整理/代码/柱状图_总.R,01_simulation/06_figures/代码/柱状图_总.R,f5716b59abde8207864aa749ecac0952b8cdbc4c06fe3abf95c4e2bddeb8d31c,768,utf-8,retained,research_path
source_2,结果整理/代码/比较/比较.R,01_simulation/05_evaluation/6_结果处理JM_1c.R,e3b0c44298fc1c149afbf4c8996fb92427ae41e4649b934ca495991b7852b855,0,utf-8,exact_duplicate,research_path
source_2,结果整理/总结1/结果整理0509_出图.R,90_history/manual_metric_adjustment/ff8fce61ed_结果整理0509_出图.R,ff8fce61ed0448a4036e9f61ed65c60b3e0294e7897fb225db0b6b9b083c06c6,15625,utf-8,retained,history
